index,prediction
3670,0.0
6916,0.0
12849,0.0
10397,0.0
16597,0.0
7735,0.0
1410,0.0
11937,0.0
19053,0.0
1420,0.0
8496,0.0
9310,0.0
4867,0.0
1893,0.0
11153,0.0
16921,0.0
17847,0.0
12628,0.0
17631,0.0
8489,0.0
13024,0.0
288,0.0
15988,0.0
8937,0.0
1601,0.0
14422,0.0
2303,0.0
20220,0.0
14281,0.0
13252,0.0
13142,0.0
5424,0.0
2668,0.0
811,0.0
8551,0.0
4252,0.0
16352,0.0
6862,0.0
9813,0.0
18849,0.0
2785,0.0
19131,0.0
1969,0.0
18434,0.0
1993,0.0
4082,0.0
5011,0.0
10826,0.0
20397,0.0
6874,0.0
18608,0.0
7747,0.0
4228,0.0
7489,0.0
3842,0.0
11078,0.0
13053,0.0
17255,0.0
717,0.0
11070,0.0
14531,0.0
15267,0.0
13488,0.0
18772,0.0
20296,0.0
11373,0.0
14766,0.0
16185,0.0
16497,0.0
3754,0.0
15163,0.0
6781,0.0
9162,0.0
2931,0.0
10682,0.0
6950,0.0
11263,0.0
11534,0.0
14918,0.0
16390,0.0
12641,0.0
13453,0.0
9445,0.0
17164,0.0
20240,0.0
15129,0.0
2473,0.0
16271,0.0
20192,0.0
213,0.0
6539,1.0
7178,0.0
6524,0.0
17575,0.0
1562,0.0
17261,0.0
10972,0.0
9490,0.0
18454,0.0
6968,0.0
6163,0.0
16747,0.0
7099,0.0
2583,0.0
7930,0.0
14581,0.0
2362,0.0
15226,0.0
20327,0.0
18515,0.0
7468,0.0
3629,0.0
5601,0.0
16623,0.0
5952,0.0
16857,0.0
17237,0.0
10228,0.0
10002,0.0
8545,0.0
13843,0.0
620,0.0
7337,0.0
8384,0.0
17448,0.0
14384,0.0
13975,0.0
14569,0.0
19364,0.0
10994,0.0
9225,0.0
12204,0.0
18402,0.0
1968,0.0
17828,0.0
16457,0.0
3562,0.0
5318,0.0
14047,0.0
9061,0.0
11618,0.0
144,0.0
9250,0.0
14605,0.0
14233,0.0
3910,0.0
2758,0.0
8793,0.0
20259,0.0
1333,0.0
16721,0.0
13275,0.0
16234,0.0
8600,0.0
10366,0.0
3139,0.0
15993,0.0
3293,0.0
9582,0.0
2408,0.0
6842,0.0
4622,0.0
9936,0.0
1964,0.0
8790,0.0
3663,0.0
11746,0.0
8,0.0
18058,0.0
3940,0.0
4131,0.0
13731,0.0
10614,0.0
13096,0.0
17475,0.0
14055,0.0
8223,0.0
834,0.0
3835,0.0
8397,0.0
8259,0.0
20094,0.0
16942,0.0
18471,0.0
14647,0.0
12402,0.0
3024,0.0
1972,0.0
10202,0.0
20225,0.0
5563,0.0
4929,0.0
11718,0.0
2270,0.0
7232,0.0
9955,0.0
328,0.0
13915,1.0
19272,0.0
11158,0.0
7116,0.0
14499,0.0
17103,0.0
16893,0.0
8471,1.0
801,0.0
3163,0.0
5224,0.0
15750,0.0
14515,0.0
4109,0.0
6944,0.0
6020,0.0
17499,0.0
12437,0.0
9001,0.0
13099,0.0
3084,0.0
18704,0.0
18141,0.0
15788,0.0
13686,0.0
7477,0.0
7170,0.0
20102,0.0
17331,0.0
18204,0.0
146,0.0
11519,0.0
3714,0.0
5351,0.0
56,1.0
19025,0.0
11453,0.0
3125,0.0
18924,0.0
3561,0.0
17293,0.0
2521,0.0
16797,0.0
14659,0.0
10346,0.0
6336,0.0
7593,0.0
3532,0.0
13033,0.0
13699,0.0
871,0.0
14368,0.0
2044,1.0
11320,0.0
1824,0.0
10462,0.0
10024,0.0
1041,0.0
9762,0.0
4762,0.0
11680,0.0
13708,0.0
17517,0.0
12318,0.0
8093,0.0
13557,0.0
7488,0.0
612,0.0
4677,0.0
11924,0.0
19083,0.0
9644,0.0
403,0.0
840,0.0
1853,0.0
6497,0.0
13932,0.0
9666,0.0
3207,0.0
8771,0.0
2971,0.0
7159,0.0
3480,0.0
6941,0.0
6191,0.0
12701,0.0
14469,0.0
13685,0.0
8782,0.0
15135,0.0
13358,0.0
8661,0.0
19708,0.0
17098,0.0
17858,0.0
9470,0.0
2223,0.0
10301,0.0
11731,0.0
18777,0.0
16538,0.0
1331,0.0
15734,0.0
19523,0.0
11299,0.0
5090,0.0
4784,0.0
10133,0.0
19957,0.0
17185,0.0
14410,0.0
1898,0.0
13341,0.0
8465,0.0
9684,0.0
16366,0.0
17781,0.0
1660,0.0
6147,0.0
14869,0.0
13859,0.0
7430,0.0
16943,0.0
16200,0.0
160,0.0
881,0.0
5000,0.0
12571,0.0
14380,0.0
13774,0.0
235,0.0
17524,0.0
4823,1.0
19664,0.0
10198,0.0
10891,0.0
13448,0.0
13877,0.0
6109,0.0
10617,0.0
1674,0.0
17087,0.0
16408,0.0
9858,0.0
6515,0.0
16289,0.0
9715,0.0
8835,0.0
3065,0.0
17333,0.0
16213,0.0
2918,0.0
20331,0.0
6039,0.0
1385,0.0
15967,0.0
770,0.0
5376,0.0
17295,0.0
16470,0.0
9179,0.0
17243,0.0
4512,0.0
7287,0.0
3014,0.0
3178,0.0
18055,0.0
162,0.0
17287,0.0
19212,0.0
9368,0.0
8942,0.0
753,0.0
4779,0.0
13768,0.0
14930,0.0
18984,0.0
14794,0.0
14601,0.0
7726,0.0
6614,0.0
9735,0.0
11003,0.0
19137,0.0
4150,0.0
1190,0.0
14164,0.0
9920,0.0
1567,0.0
9357,0.0
14017,0.0
14779,0.0
1982,0.0
11653,0.0
6094,0.0
15117,0.0
13130,0.0
13639,0.0
19612,0.0
9525,0.0
10267,0.0
3900,0.0
7444,0.0
19318,0.0
15005,0.0
11232,0.0
6287,0.0
7311,0.0
14748,0.0
12408,0.0
8528,0.0
6761,0.0
723,0.0
15764,0.0
5435,0.0
3259,0.0
19096,0.0
14064,0.0
6806,0.0
8955,0.0
15824,0.0
3347,0.0
15565,0.0
12417,0.0
7195,0.0
521,0.0
5761,0.0
12506,0.0
16330,0.0
2965,0.0
18600,0.0
14955,0.0
8968,0.0
1996,0.0
20053,0.0
6160,0.0
15386,0.0
2273,0.0
17006,0.0
7008,0.0
5731,0.0
267,0.0
19104,0.0
9688,0.0
14871,0.0
3187,0.0
1113,0.0
6661,0.0
6255,0.0
13719,0.0
15204,0.0
14808,0.0
11722,0.0
15343,0.0
4530,0.0
5059,0.0
7522,0.0
15705,0.0
11508,0.0
16692,0.0
19462,0.0
13898,0.0
2307,0.0
2514,0.0
285,0.0
1585,0.0
4734,0.0
10921,0.0
15366,0.0
15064,0.0
2453,0.0
2487,0.0
1185,0.0
8196,0.0
12545,0.0
14916,0.0
17622,0.0
6281,0.0
8453,0.0
11490,0.0
14966,0.0
5604,0.0
8262,0.0
18665,0.0
4099,0.0
1961,0.0
17593,0.0
7904,0.0
9929,0.0
4289,0.0
15154,0.0
3785,0.0
3703,0.0
13289,0.0
11723,0.0
5227,0.0
9599,0.0
19830,0.0
6953,0.0
20291,0.0
18637,0.0
11353,0.0
301,0.0
14795,0.0
8605,0.0
7316,0.0
4939,0.0
693,0.0
5525,0.0
10444,0.0
7557,0.0
13135,0.0
7516,0.0
9883,0.0
11517,0.0
7313,0.0
8164,0.0
12154,0.0
3182,0.0
6747,0.0
9207,0.0
10638,1.0
9820,0.0
281,0.0
15514,0.0
18937,0.0
12642,0.0
11275,0.0
16649,0.0
793,0.0
17509,0.0
748,0.0
3639,0.0
14926,0.0
9210,0.0
9380,0.0
3051,0.0
18805,0.0
17632,0.0
9152,0.0
15701,0.0
10305,0.0
5311,0.0
12716,0.0
12340,0.0
18377,0.0
11708,0.0
1313,0.0
1423,0.0
10456,0.0
16276,0.0
3231,0.0
18049,0.0
7252,0.0
18145,0.0
15439,0.0
1205,0.0
9117,0.0
5629,0.0
13722,0.0
13119,0.0
13431,0.0
13113,0.0
5985,0.0
5846,0.0
16437,0.0
4020,0.0
5781,0.0
12551,0.0
4713,0.0
19010,0.0
1144,0.0
7643,0.0
6961,0.0
1718,0.0
4419,0.0
3317,0.0
6995,0.0
3775,0.0
14940,0.0
7384,0.0
1701,0.0
12727,0.0
567,0.0
12975,0.0
701,0.0
13950,0.0
17734,0.0
10296,0.0
12418,0.0
2088,0.0
8557,0.0
4551,1.0
10860,0.0
11741,0.0
885,0.0
12422,0.0
1489,0.0
7875,0.0
15102,0.0
10989,0.0
11008,0.0
18207,0.0
7780,0.0
11771,0.0
6256,0.0
9512,0.0
11538,0.0
8799,0.0
11422,0.0
20033,0.0
1267,0.0
9741,0.0
10349,1.0
12770,0.0
12092,0.0
17095,0.0
20092,0.0
507,0.0
2209,0.0
9794,0.0
20022,0.0
11664,0.0
15820,0.0
14204,0.0
16578,0.0
8177,0.0
4812,0.0
12945,0.0
7920,0.0
6222,0.0
9170,0.0
14263,0.0
9676,0.0
10502,0.0
21,0.0
7787,0.0
19058,0.0
7127,0.0
1234,0.0
13982,0.0
2435,0.0
5215,0.0
16823,0.0
13645,0.0
17590,0.0
5196,0.0
6582,0.0
3502,0.0
8529,0.0
3608,0.0
19563,0.0
82,0.0
3539,0.0
15467,0.0
5249,0.0
16668,0.0
12391,0.0
15911,0.0
8098,0.0
6459,0.0
10633,0.0
627,1.0
15537,0.0
18192,0.0
14834,0.0
5970,0.0
19947,0.0
461,0.0
20140,0.0
11970,0.0
2398,0.0
5865,0.0
16448,0.0
5953,0.0
7850,0.0
3564,0.0
8279,0.0
14198,0.0
2214,0.0
2093,0.0
8516,0.0
943,0.0
13550,0.0
14861,0.0
7226,0.0
4990,0.0
8285,0.0
9190,0.0
11864,0.0
6752,0.0
13133,0.0
15530,0.0
10246,0.0
164,0.0
12078,0.0
16381,0.0
6378,0.0
8512,0.0
11142,0.0
13117,0.0
16134,0.0
19176,0.0
1680,0.0
9134,0.0
3015,0.0
5477,0.0
11292,0.0
15107,0.0
4377,1.0
18707,0.0
17,0.0
4717,0.0
14383,0.0
16541,0.0
9747,0.0
8257,0.0
7769,0.0
2686,0.0
16131,0.0
4535,0.0
16816,0.0
8740,0.0
11649,0.0
12979,0.0
16543,0.0
15498,0.0
18935,0.0
19934,0.0
2738,0.0
17714,0.0
14761,0.0
9637,0.0
7746,0.0
8007,0.0
19163,0.0
11641,0.0
9391,0.0
19996,0.0
18671,0.0
8270,0.0
15657,0.0
16659,0.0
12609,0.0
19788,0.0
2639,0.0
9304,0.0
1649,0.0
5530,0.0
14007,0.0
8738,0.0
7958,0.0
19973,0.0
2156,0.0
2396,0.0
309,0.0
18607,0.0
17299,0.0
1212,0.0
19802,0.0
13231,0.0
10850,0.0
10624,0.0
4811,0.0
6844,0.0
1808,0.0
14135,0.0
8704,0.0
2336,0.0
13194,0.0
10115,0.0
3109,0.0
986,0.0
18452,0.0
19499,0.0
10550,0.0
14170,0.0
17458,0.0
13334,0.0
5034,0.0
11388,0.0
3624,0.0
16846,0.0
13979,0.0
19513,0.0
6773,0.0
1557,0.0
14846,0.0
3121,0.0
14375,0.0
69,0.0
9000,0.0
857,0.0
8294,0.0
5258,0.0
18429,0.0
11606,0.0
5831,0.0
16534,0.0
17274,0.0
12468,0.0
10435,0.0
5897,0.0
9849,0.0
12623,0.0
8645,0.0
12944,0.0
18895,0.0
17086,0.0
19090,0.0
4190,0.0
4290,0.0
722,0.0
4649,0.0
5275,1.0
14085,0.0
12599,0.0
2689,0.0
12254,0.0
7219,0.0
13755,0.0
16565,0.0
9040,0.0
3831,0.0
3236,0.0
668,0.0
8014,0.0
12566,0.0
10032,0.0
16678,0.0
2864,0.0
3708,0.0
18209,0.0
405,0.0
3967,0.0
14565,0.0
11218,0.0
17085,0.0
8518,0.0
8848,0.0
18388,0.0
19410,0.0
1912,0.0
14277,0.0
4955,0.0
6531,0.0
7448,0.0
877,0.0
12644,0.0
8275,0.0
3397,0.0
18018,0.0
15101,0.0
13552,0.0
12339,0.0
14133,0.0
1404,0.0
11345,0.0
6001,0.0
8519,0.0
12223,0.0
13169,0.0
816,0.0
16924,0.0
2199,0.0
15561,0.0
13603,0.0
10382,0.0
14021,0.0
16773,0.0
14540,0.0
3315,0.0
15962,0.0
5794,0.0
18372,0.0
6846,0.0
766,0.0
15035,0.0
7590,0.0
6779,0.0
14502,0.0
16908,0.0
18017,0.0
8653,0.0
5986,0.0
8273,0.0
6421,0.0
17291,0.0
477,0.0
10441,1.0
12004,0.0
14033,0.0
3897,0.0
14944,0.0
14717,0.0
1079,0.0
12850,0.0
8365,0.0
9340,0.0
12635,0.0
12377,0.0
16584,0.0
17368,0.0
18767,0.0
20061,0.0
3662,0.0
8629,0.0
2512,0.0
16392,0.0
18235,0.0
7980,0.0
16011,0.0
7155,0.0
2967,0.0
5225,0.0
18215,0.0
11895,0.0
12697,0.0
4474,0.0
6366,0.0
1114,0.0
7490,0.0
5175,0.0
7903,0.0
16513,0.0
17415,0.0
4601,0.0
10754,0.0
15933,0.0
11992,0.0
7632,0.0
976,0.0
16109,0.0
3233,0.0
12596,0.0
3567,0.0
18289,0.0
5635,0.0
11715,0.0
14617,0.0
19898,0.0
2519,0.0
11468,0.0
16800,0.0
17701,0.0
17837,0.0
7095,0.0
19213,0.0
14680,0.0
6083,0.0
3794,0.0
10515,0.0
4227,0.0
17530,0.0
16259,0.0
12583,1.0
731,0.0
12351,0.0
7324,0.0
4840,0.0
6132,0.0
13140,0.0
2135,0.0
20415,0.0
10330,0.0
2128,0.0
15610,0.0
13619,0.0
18248,0.0
9120,0.0
17723,0.0
4393,0.0
19636,0.0
19127,0.0
6880,0.0
10501,0.0
17411,0.0
8751,0.0
3700,0.0
2112,0.0
20243,0.0
19992,0.0
12695,0.0
10862,0.0
18425,0.0
42,0.0
11445,0.0
8101,0.0
4689,0.0
11434,0.0
16440,0.0
4416,0.0
17175,0.0
15109,0.0
1915,0.0
8769,0.0
19945,0.0
5474,0.0
8038,0.0
5148,0.0
11335,0.0
14668,0.0
7931,0.0
18869,0.0
3957,0.0
6951,0.0
4146,0.0
18617,0.0
17423,0.0
12270,0.0
4531,0.0
363,0.0
10856,0.0
11853,0.0
8324,0.0
3816,0.0
6813,0.0
10460,0.0
19331,0.0
6854,0.0
6412,0.0
10176,0.0
5537,0.0
6314,0.0
3756,0.0
3724,0.0
10683,0.0
6664,0.0
6689,0.0
17327,0.0
15590,0.0
14880,0.0
16508,0.0
1532,0.0
3405,0.0
8742,0.0
16079,0.0
13098,0.0
5766,0.0
1716,0.0
9012,0.0
8451,0.0
11947,0.0
3041,1.0
2107,1.0
15966,0.0
14141,0.0
1084,0.0
2523,0.0
15401,0.0
3082,0.0
11938,0.0
4942,0.0
13171,0.0
1612,0.0
2457,0.0
590,0.0
20308,0.0
10827,0.0
16821,0.0
12688,0.0
19304,0.0
18813,0.0
8747,0.0
9509,0.0
7214,0.0
2266,0.0
4772,0.0
19878,0.0
8162,0.0
8656,0.0
5680,0.0
2342,0.0
174,0.0
18275,0.0
3691,0.0
19824,0.0
8292,0.0
1850,0.0
7927,0.0
15002,0.0
2470,0.0
2248,0.0
9098,0.0
8565,0.0
14847,0.0
8625,0.0
13285,0.0
13325,0.0
7618,0.0
10268,0.0
7424,0.0
17501,0.0
16490,0.0
5792,0.0
15342,0.0
14843,0.0
8783,0.0
8901,0.0
4541,0.0
4837,0.0
2963,0.0
13400,0.0
17281,0.0
19181,0.0
1565,0.0
16444,0.0
5505,0.0
15652,0.0
12667,0.0
4258,0.0
8776,0.0
15509,0.0
16904,0.0
8990,0.0
19634,0.0
17549,0.0
732,0.0
9212,0.0
10381,0.0
18699,0.0
5405,0.0
7825,0.0
315,0.0
2697,0.0
18254,0.0
7928,0.0
6673,0.0
9259,0.0
18086,0.0
1921,0.0
10150,0.0
9606,0.0
14551,0.0
456,0.0
17016,0.0
19024,0.0
7368,0.0
229,0.0
11767,0.0
682,0.0
2226,0.0
6226,0.0
19042,0.0
20004,0.0
856,0.0
5472,0.0
8964,0.0
7146,0.0
2497,0.0
17724,0.0
8300,0.0
3828,0.0
12504,0.0
5974,0.0
16311,0.0
2496,0.0
13464,0.0
17964,0.0
8923,0.0
8724,0.0
4768,0.0
18572,0.0
5589,0.0
8508,0.0
10725,0.0
5521,0.0
3506,0.0
2877,0.0
6186,0.0
1600,0.0
19975,0.0
12291,0.0
13697,0.0
15536,0.0
17927,0.0
8447,0.0
9527,0.0
14475,0.0
3376,0.0
13673,0.0
476,0.0
9224,0.0
4111,1.0
10905,0.0
4894,0.0
12085,0.0
18908,0.0
97,0.0
3944,0.0
19076,0.0
3436,0.0
13997,0.0
5942,0.0
2101,0.0
19234,0.0
655,0.0
3698,0.0
562,0.0
14356,0.0
11739,0.0
6981,0.0
14246,0.0
13536,0.0
5482,0.0
20075,0.0
5409,0.0
10513,1.0
3210,0.0
16802,0.0
4071,0.0
4100,0.0
12591,0.0
796,0.0
16892,0.0
8111,0.0
13206,0.0
20355,0.0
13087,0.0
343,0.0
8203,0.0
9891,0.0
15114,0.0
15285,0.0
15534,0.0
4702,0.0
5237,0.0
18712,0.0
10048,0.0
915,0.0
3351,0.0
2901,0.0
2272,0.0
1319,0.0
11821,0.0
13825,0.0
18530,0.0
7629,0.0
19881,0.0
17580,0.0
18400,0.0
6051,0.0
2414,0.0
7676,0.0
18878,0.0
17133,0.0
9598,0.0
6919,0.0
18433,0.0
2151,0.0
18132,0.0
18590,0.0
5724,0.0
2848,0.0
15415,0.0
13115,0.0
1926,0.0
15473,0.0
4156,0.0
6438,0.0
7027,0.0
11917,0.0
12499,0.0
8523,0.0
20656,0.0
13031,0.0
13691,0.0
4940,0.0
2641,0.0
1627,0.0
18179,0.0
4236,0.0
2732,1.0
6307,0.0
9954,0.0
2793,0.0
14857,0.0
109,0.0
16411,0.0
16021,0.0
10457,0.0
16820,0.0
4791,0.0
18583,0.0
10830,0.0
6511,0.0
12750,0.0
3826,0.0
6409,0.0
2042,1.0
4479,0.0
19360,0.0
18721,0.0
10663,1.0
17180,0.0
10135,0.0
17403,0.0
5782,0.0
11580,0.0
15646,0.0
6852,0.0
16669,0.0
11418,0.0
10053,0.0
11964,1.0
13801,0.0
8586,0.0
8326,0.0
1856,0.0
20299,0.0
15440,0.0
13485,0.0
16187,0.0
6715,0.0
1108,0.0
4088,0.0
19120,0.0
4183,0.0
18468,0.0
7204,0.0
5257,0.0
4470,0.0
12518,0.0
12875,0.0
7115,0.0
18902,0.0
14829,0.0
6079,0.0
13515,0.0
8584,0.0
19818,0.0
9161,0.0
9635,0.0
9925,0.0
16937,0.0
5758,0.0
510,0.0
20169,0.0
15488,0.0
14188,0.0
9262,0.0
6587,0.0
11994,0.0
4584,0.0
1854,0.0
16094,0.0
12414,0.0
15312,0.0
2506,0.0
2803,0.0
2010,0.0
8954,0.0
17365,0.0
4007,0.0
2592,0.0
17840,0.0
15287,0.0
7567,0.0
16981,0.0
1391,0.0
9073,0.0
2123,0.0
3407,0.0
14117,0.0
5094,0.0
9483,0.0
5460,0.0
1425,0.0
18863,0.0
7177,0.0
14228,0.0
9622,0.0
5922,0.0
15685,0.0
3416,0.0
487,0.0
12470,0.0
3038,0.0
15247,0.0
20388,0.0
1293,0.0
15309,0.0
16805,0.0
15464,0.0
2679,0.0
6176,0.0
6807,0.0
14032,0.0
11162,0.0
5879,0.0
1179,0.0
6798,0.0
6590,0.0
17101,0.0
1523,0.0
19911,0.0
2912,0.0
5930,0.0
17939,0.0
2633,0.0
19668,0.0
17249,0.0
13867,0.0
5251,0.0
12349,0.0
14985,0.0
16388,0.0
6244,0.0
7409,0.0
15042,0.0
12447,0.0
16665,0.0
10009,0.0
3068,0.0
18492,0.0
10049,0.0
4521,0.0
9868,0.0
1102,0.0
2823,0.0
2055,0.0
3598,0.0
1709,0.0
15942,0.0
3851,0.0
13565,0.0
16549,0.0
3423,0.0
5117,0.0
4346,0.0
10031,0.0
14003,0.0
2306,0.0
12100,0.0
10279,0.0
15618,0.0
17694,0.0
2489,0.0
4886,0.0
9812,0.0
805,0.0
8554,0.0
12413,0.0
5303,0.0
2935,0.0
678,0.0
7830,0.0
7827,0.0
12676,0.0
9966,0.0
13829,0.0
20324,0.0
11758,0.0
14556,0.0
18451,0.0
2348,0.0
10734,0.0
12012,0.0
1655,0.0
19885,0.0
6341,0.0
7120,0.0
13820,0.0
8263,0.0
15463,0.0
5380,0.0
5868,0.0
7776,0.0
19101,0.0
16914,0.0
13323,0.0
2377,0.0
15940,0.0
9581,0.0
5020,0.0
12942,0.0
3156,0.0
15741,0.0
3476,0.0
8283,0.0
1621,0.0
10106,0.0
6474,0.0
12592,0.0
7756,0.0
18843,0.0
7182,0.0
12852,0.0
14172,0.0
17117,0.0
4345,0.0
9351,0.0
9066,0.0
10374,0.0
9097,0.0
17231,0.0
8379,0.0
19487,0.0
15549,0.0
6642,0.0
18722,0.0
4593,0.0
15448,0.0
17469,0.0
14496,0.0
18758,0.0
2952,0.0
13301,0.0
12218,0.0
7893,0.0
6529,0.0
6313,0.0
18570,0.0
7991,0.0
4931,0.0
16615,0.0
2622,0.0
13929,0.0
9199,0.0
9583,0.0
13109,0.0
6329,0.0
10697,0.0
3382,1.0
4283,0.0
12114,0.0
19767,0.0
6261,0.0
1563,0.0
7206,0.0
3053,0.0
14852,0.0
17042,0.0
12995,0.0
14468,0.0
14946,0.0
16449,0.0
5749,0.0
9367,0.0
14434,0.0
6644,0.0
16994,0.0
2436,0.0
11935,0.0
1528,0.0
10654,0.0
2672,0.0
12533,0.0
1398,0.0
5912,0.0
9546,0.0
2364,0.0
19890,0.0
14066,0.0
17548,0.0
5548,0.0
16294,0.0
20276,0.0
9667,0.0
9577,0.0
6728,0.0
6286,0.0
2851,0.0
665,0.0
20104,0.0
16001,0.0
16822,0.0
17937,0.0
16151,0.0
2554,0.0
6142,0.0
1305,0.0
10262,0.0
15597,0.0
6053,0.0
18691,0.0
20382,0.0
8916,0.0
10147,0.0
15405,0.0
19591,0.0
14111,0.0
6015,0.0
13032,0.0
7951,0.0
6898,0.0
9278,0.0
12560,0.0
14366,0.0
13519,0.0
7803,0.0
14203,0.0
7666,0.0
8926,0.0
13177,0.0
4457,0.0
7690,0.0
7168,0.0
3432,0.0
9888,0.0
9469,0.0
15489,0.0
14253,0.0
18089,0.0
12982,0.0
7973,0.0
8159,0.0
4539,0.0
5757,0.0
2534,0.0
5365,0.0
2130,0.0
2465,0.0
17346,0.0
51,0.0
18012,0.0
17983,0.0
125,0.0
13844,0.0
234,0.0
3333,0.0
2486,0.0
19417,0.0
7986,0.0
18746,0.0
5728,0.0
15357,0.0
19284,0.0
18716,0.0
4810,0.0
10815,0.0
13772,0.0
9129,0.0
3119,0.0
19311,0.0
20247,0.0
8332,0.0
5174,0.0
12101,0.0
185,0.0
5506,0.0
4129,0.0
18717,0.0
8091,0.0
16140,0.0
10119,0.0
7749,0.0
5719,0.0
41,0.0
14278,0.0
8343,0.0
12112,0.0
17498,0.0
10276,0.0
19894,0.0
3570,0.0
1639,0.0
11719,0.0
9526,1.0
19801,0.0
4231,0.0
15605,0.0
8057,0.0
12121,0.0
6609,0.0
5524,0.0
7691,0.0
8839,0.0
15737,0.0
15210,0.0
5565,0.0
13170,0.0
18403,0.0
9104,0.0
91,0.0
3755,0.0
16933,0.0
20391,0.0
2969,0.0
13183,0.0
3895,0.0
19561,0.0
3746,0.0
18545,0.0
18198,0.0
11710,0.0
16687,0.0
17871,0.0
6171,0.0
15229,0.0
13760,0.0
11961,0.0
17842,0.0
7723,0.0
5008,0.0
34,0.0
19199,0.0
16603,0.0
9365,0.0
19012,0.0
12273,0.0
12464,0.0
19925,0.0
20156,0.0
7892,0.0
18282,0.0
9382,0.0
9226,0.0
11547,0.0
8373,0.0
17100,0.0
7921,0.0
18543,0.0
15860,0.0
7485,0.0
2425,0.0
12709,0.0
8319,0.0
15845,0.0
13564,0.0
7555,0.0
18498,0.0
18896,0.0
1914,0.0
14086,0.0
18847,0.0
9256,0.0
9513,0.0
1858,0.0
18517,0.0
8250,0.0
17325,0.0
8858,0.0
17096,0.0
1682,0.0
13501,0.0
4169,0.0
3140,0.0
6274,0.0
11053,0.0
4723,0.0
11803,0.0
14038,0.0
3089,0.0
18063,0.0
18606,0.0
18183,0.0
10960,0.0
15194,0.0
20135,0.0
14083,0.0
598,0.0
8334,0.0
11556,0.0
14050,0.0
11790,0.0
17444,0.0
7072,0.0
15720,0.0
10648,0.0
6499,0.0
3374,0.0
17933,0.0
16907,0.0
9234,0.0
9238,0.0
11415,0.0
9529,0.0
10853,0.0
14801,0.0
20267,0.0
12275,0.0
16192,0.0
6671,0.0
17651,0.0
10468,0.0
13256,0.0
19172,0.0
4707,0.0
3209,1.0
11451,0.0
12960,0.0
3665,0.0
6043,0.0
9817,0.0
7758,1.0
729,0.0
8040,1.0
1950,0.0
16095,0.0
19220,0.0
12433,0.0
19188,0.0
1051,0.0
18833,0.0
3229,0.0
3074,0.0
4435,0.0
14213,0.0
15592,0.0
4237,0.0
2458,0.0
7203,1.0
17644,0.0
3739,0.0
5945,0.0
7401,0.0
10986,0.0
29,0.0
10503,0.0
15643,0.0
2121,0.0
11289,0.0
2654,0.0
12703,0.0
18473,0.0
9932,0.0
11044,0.0
17066,0.0
14006,0.0
6304,0.0
8777,0.0
17881,0.0
3399,0.0
155,0.0
4737,0.0
19121,0.0
17257,0.0
4743,0.0
1082,0.0
14161,0.0
824,0.0
14615,0.0
20274,0.0
20411,0.0
4491,0.0
18169,0.0
17106,0.0
14879,0.0
12983,0.0
12668,0.0
3067,0.0
2251,0.0
9787,0.0
6239,0.0
5022,0.0
4523,0.0
8083,0.0
2015,0.0
4222,0.0
17196,0.0
5241,0.0
15746,0.0
946,0.0
1453,0.0
15964,0.0
15144,0.0
19922,0.0
5432,0.0
12287,0.0
17647,0.0
13965,0.0
7851,0.0
18686,0.0
2173,0.0
2002,0.0
12025,0.0
10692,0.0
2991,0.0
9707,0.0
18356,0.0
18705,0.0
7868,0.0
15941,0.0
15266,0.0
3079,0.0
120,0.0
9324,0.0
11123,0.0
11457,0.0
5613,0.0
238,0.0
20172,0.0
13824,0.0
14786,0.0
9718,0.0
19390,0.0
18241,0.0
7098,0.0
2863,0.0
13200,0.0
9359,0.0
9789,0.0
8135,0.0
3695,0.0
12133,0.0
18770,0.0
12095,0.0
2122,0.0
3377,1.0
9020,0.0
2388,0.0
6007,0.0
886,0.0
19461,0.0
14725,0.0
4555,0.0
7720,0.0
8538,0.0
14836,0.0
339,0.0
984,0.0
5549,0.0
4034,0.0
14976,0.0
5679,0.0
8555,0.0
9479,0.0
7154,0.0
15879,0.0
11360,0.0
6263,0.0
18381,0.0
3912,0.0
11481,0.0
12567,0.0
4267,0.0
10218,0.0
16445,0.0
8139,0.0
5799,0.0
20271,0.0
11676,0.0
6016,0.0
9024,0.0
9840,1.0
12756,0.0
11848,0.0
6092,0.0
2553,0.0
10072,0.0
1665,0.0
12052,0.0
382,0.0
6658,0.0
3244,0.0
2736,0.0
2059,0.0
3524,0.0
11179,0.0
17268,0.0
14775,0.0
1400,0.0
7482,0.0
20366,0.0
3008,0.0
10047,0.0
4660,0.0
11113,0.0
3304,0.0
2038,0.0
1783,0.0
5779,0.0
947,0.0
8598,0.0
16755,0.0
5983,0.0
4128,0.0
5850,0.0
6331,0.0
4848,0.0
4073,0.0
4515,0.0
11131,0.0
7348,0.0
13307,0.0
19334,0.0
17879,0.0
3063,0.0
10439,0.0
6869,0.0
4014,0.0
3031,0.0
10422,0.0
8140,0.0
3692,0.0
4589,0.0
530,0.0
17489,0.0
13000,0.0
15015,0.0
12090,0.0
18023,0.0
11283,0.0
19862,0.0
19016,0.0
6123,0.0
9142,0.0
19608,0.0
14538,0.0
3918,0.0
1027,0.0
8006,0.0
16405,0.0
3107,0.0
9217,0.0
5918,0.0
6062,0.0
13740,0.0
2988,0.0
6810,0.0
9973,0.0
18481,0.0
11493,0.0
7227,0.0
17309,0.0
8346,0.0
19920,0.0
9213,0.0
1703,0.0
7990,0.0
8032,0.0
2337,0.0
1925,0.0
7979,0.0
9855,0.0
11552,0.0
4645,0.0
12826,0.0
5045,1.0
18911,0.0
18469,0.0
13367,0.0
5928,0.0
19087,0.0
4243,0.0
13573,0.0
812,0.0
19138,0.0
14590,0.0
13605,0.0
15104,0.0
20028,0.0
10076,0.0
9892,0.0
927,0.0
4441,0.0
13326,0.0
691,0.0
9255,0.0
380,0.0
15196,0.0
9493,0.0
17417,0.0
17343,0.0
2037,0.0
271,0.0
16436,0.0
19630,0.0
19655,0.0
10093,0.0
9895,0.0
14450,0.0
6831,0.0
16879,0.0
15162,0.0
17604,0.0
8734,0.0
1054,0.0
15326,0.0
699,0.0
3216,0.0
12172,0.0
12055,0.0
4974,0.0
5471,0.0
17463,0.0
18124,0.0
10985,0.0
2729,0.0
14259,0.0
19292,0.0
11591,0.0
15711,0.0
13694,0.0
18578,0.0
11901,0.0
15084,0.0
12691,0.0
13440,0.0
2710,0.0
11595,0.0
8541,0.0
517,0.0
17676,0.0
464,0.0
7664,0.0
1442,0.0
8117,0.0
5250,0.0
19564,0.0
5115,0.0
6285,0.0
8075,0.0
15628,0.0
17689,0.0
12298,0.0
17221,0.0
15903,0.0
5497,0.0
16024,0.0
735,0.0
6966,0.0
1456,0.0
13439,0.0
829,0.0
191,0.0
2003,0.0
9935,0.0
3852,0.0
12450,0.0
369,0.0
6327,0.0
10344,0.0
8388,0.0
7255,0.0
16428,0.0
14723,0.0
16809,0.0
18669,0.0
16248,0.0
8717,0.0
7906,0.0
17247,0.0
19915,0.0
7978,0.0
14015,0.0
12093,0.0
14004,0.0
14414,0.0
3809,0.0
6904,0.0
13935,0.0
15322,0.0
300,0.0
1022,0.0
7047,1.0
15926,0.0
13984,0.0
17613,0.0
13078,0.0
14872,0.0
18082,0.0
12281,0.0
8278,0.0
2658,0.0
15059,0.0
13583,0.0
7910,0.0
7682,0.0
6278,0.0
18670,0.0
11012,1.0
19017,0.0
8981,0.0
12922,0.0
16580,0.0
13970,0.0
17307,0.0
13725,0.0
5399,0.0
9497,0.0
4775,0.0
593,0.0
7004,0.0
15862,0.0
12292,0.0
8100,0.0
486,0.0
16860,0.0
9971,0.0
18682,0.0
11742,0.0
9353,0.0
12925,0.0
11608,0.0
2308,0.0
16680,0.0
8306,0.0
13616,0.0
17265,0.0
15217,0.0
520,0.0
11391,0.0
5735,0.0
11245,0.0
152,0.0
14649,0.0
8941,0.0
19409,0.0
14573,0.0
13073,0.0
2568,0.0
15583,0.0
3232,0.0
15192,0.0
6794,0.0
8772,0.0
18290,0.0
2045,0.0
3814,0.0
15658,0.0
8669,0.0
16296,0.0
16647,0.0
11662,0.0
11079,0.0
18980,0.0
5630,0.0
13391,0.0
13481,0.0
9135,0.0
18188,0.0
12590,0.0
14711,0.0
19770,0.0
18013,0.0
6662,0.0
10180,0.0
3137,0.0
8199,0.0
12929,0.0
11558,0.0
18966,0.0
7439,0.0
5053,0.0
10822,0.0
4006,0.0
17102,0.0
19985,0.0
13840,0.0
19893,0.0
6301,0.0
6548,0.0
17176,0.0
1386,0.0
8046,0.0
20039,0.0
12253,0.0
1213,0.0
12968,0.0
16643,0.0
6352,0.0
12369,0.0
4805,0.0
2597,0.0
6050,0.0
11887,0.0
16486,0.0
7699,0.0
11528,0.0
12404,0.0
13831,0.0
16474,0.0
19753,0.0
3503,0.0
4430,0.0
14284,0.0
2635,0.0
16568,0.0
1750,0.0
11674,0.0
12357,0.0
14338,0.0
16592,0.0
1360,0.0
6681,0.0
14124,0.0
8445,0.0
12103,0.0
12241,0.0
7143,0.0
2692,0.0
19765,0.0
2690,0.0
15053,0.0
19425,0.0
9072,0.0
11173,0.0
933,0.0
3475,0.0
17680,0.0
747,0.0
18723,0.0
6703,0.0
9691,0.0
5313,0.0
8021,0.0
3273,0.0
10037,0.0
13678,0.0
19908,0.0
6648,0.0
5030,0.0
8760,0.0
6724,0.0
19497,0.0
145,0.0
5507,0.0
15221,0.0
5447,0.0
4487,0.0
13816,0.0
12202,0.0
17834,0.0
3580,0.0
12338,0.0
16464,0.0
925,0.0
9139,0.0
6334,0.0
12792,0.0
7883,0.0
6085,0.0
3765,0.0
8821,0.0
13718,0.0
13744,0.0
3318,0.0
20417,0.0
7871,0.0
19399,0.0
14792,0.0
1432,0.0
14093,0.0
19015,0.0
4831,0.0
13803,0.0
14211,0.0
4180,0.0
1189,0.0
17199,0.0
16651,0.0
13608,0.0
14665,0.0
16020,0.0
9960,0.0
14646,0.0
16874,0.0
1861,0.0
17739,0.0
5723,0.0
12062,0.0
9907,0.0
12935,0.0
3028,0.0
1134,0.0
19846,0.0
10957,0.0
10413,0.0
17706,0.0
15105,0.0
11318,0.0
17905,0.0
9387,0.0
1381,0.0
7842,0.0
10741,0.0
16979,0.0
10838,0.0
17984,0.0
7671,0.0
17923,0.0
6489,0.0
15304,0.0
20215,0.0
15292,0.0
16159,0.0
15497,0.0
14025,0.0
7308,0.0
8110,0.0
6765,0.0
2289,0.0
4804,0.0
18547,0.0
11023,0.0
7636,0.0
13265,0.0
883,0.0
16612,0.0
20015,0.0
15450,0.0
10685,0.0
1979,0.0
896,0.0
10910,0.0
8106,0.0
15727,0.0
7471,0.0
3103,0.0
6084,1.0
17943,0.0
19522,0.0
223,0.0
1471,0.0
16863,0.0
15666,0.0
15433,0.0
15429,0.0
7476,0.0
5149,0.0
17177,0.0
16211,0.0
1460,0.0
13614,0.0
9806,0.0
4832,0.0
2017,0.0
16061,0.0
19456,0.0
17347,0.0
15354,0.0
14456,0.0
19691,0.0
19640,0.0
228,0.0
20147,0.0
16371,0.0
19250,0.0
6032,0.0
5770,0.0
19449,0.0
7536,1.0
8603,0.0
18627,0.0
3661,0.0
4323,0.0
5035,0.0
2638,0.0
1464,0.0
2479,0.0
5957,0.0
13688,0.0
8974,0.0
537,0.0
6416,0.0
18706,0.0
8931,0.0
1721,0.0
7378,0.0
1484,0.0
19543,0.0
7467,0.0
20347,0.0
12421,0.0
286,0.0
17510,0.0
992,0.0
10881,0.0
16145,0.0
9646,0.0
2257,0.0
15620,0.0
3921,0.0
5685,0.0
13667,0.0
5769,0.0
17436,0.0
1485,0.0
14511,0.0
18261,0.0
19481,0.0
19139,0.0
3947,0.0
3735,0.0
18263,0.0
2542,0.0
3513,0.0
3252,0.0
14885,0.0
15564,0.0
8369,0.0
964,0.0
3846,0.0
5519,0.0
1970,0.0
19411,0.0
10112,0.0
3298,0.0
16359,0.0
4533,0.0
17250,0.0
17806,0.0
15931,0.0
10714,0.0
3338,0.0
15755,0.0
11047,0.0
15184,0.0
7063,0.0
18922,0.0
16899,0.0
6556,0.0
10542,0.0
12228,0.0
8474,0.0
11032,0.0
1524,0.0
771,0.0
15582,0.0
20024,0.0
14404,0.0
17685,0.0
5716,0.0
15716,0.0
16590,0.0
17032,0.0
9143,0.0
9834,0.0
13839,1.0
16324,0.0
12059,0.0
1806,0.0
4445,0.0
19078,0.0
19520,0.0
11609,0.0
12507,1.0
4744,0.0
137,0.0
20413,0.0
10304,0.0
14656,0.0
19656,0.0
3951,0.0
10723,0.0
12883,0.0
6939,0.0
3250,0.0
579,0.0
4229,0.0
8115,0.0
7527,0.0
14970,0.0
5152,0.0
9839,0.0
5118,0.0
11281,0.0
13353,0.0
19880,0.0
20203,0.0
17225,0.0
19039,0.0
7782,0.0
12706,0.0
10859,0.0
17312,0.0
6593,0.0
13601,0.0
8499,0.0
3741,0.0
6909,0.0
10094,0.0
15870,0.0
11544,0.0
16533,0.0
19332,0.0
9712,0.0
19002,0.0
5849,0.0
16274,0.0
2703,0.0
16130,0.0
1135,0.0
3623,0.0
19019,0.0
6290,0.0
8810,0.0
12749,0.0
17824,0.0
3474,0.0
1967,0.0
17594,0.0
18988,0.0
3600,0.0
19924,0.0
16458,0.0
15574,0.0
14878,0.0
14275,0.0
2954,0.0
4850,0.0
9746,0.0
12682,0.0
4528,0.0
141,0.0
7900,0.0
14049,0.0
6659,0.0
17831,0.0
10896,0.0
11101,0.0
18048,0.0
3005,0.0
4021,0.0
6562,0.0
12672,1.0
157,0.0
3330,0.0
4334,0.0
5343,0.0
11642,0.0
12096,0.0
7859,0.0
1643,0.0
13228,0.0
12542,0.0
16851,0.0
9473,0.0
16677,0.0
3583,0.0
1296,0.0
3466,0.0
1613,0.0
12811,0.0
12329,0.0
6564,0.0
10168,0.0
8308,0.0
5130,0.0
17005,0.0
12505,0.0
19832,0.0
19927,0.0
16384,0.0
17288,0.0
17777,0.0
3554,0.0
13880,0.0
9267,0.0
9985,0.0
16999,0.0
19245,0.0
4895,0.0
18347,0.0
5493,0.0
14621,0.0
6647,0.0
1602,0.0
1673,0.0
17564,0.0
15303,0.0
2047,0.0
4664,0.0
16113,0.0
16749,0.0
7365,0.0
20188,0.0
616,0.0
15416,0.0
7299,1.0
15515,0.0
18818,0.0
204,0.0
5499,0.0
4245,0.0
14998,0.0
2887,0.0
11914,0.0
16475,0.0
8316,0.0
8540,0.0
6257,0.0
14516,0.0
10030,0.0
13209,0.0
14336,0.0
1822,0.0
14731,0.0
3917,0.0
20410,0.0
13606,0.0
18523,0.0
18971,0.0
16570,0.0
10191,0.0
15740,0.0
5673,0.0
14457,0.0
13079,0.0
6803,0.0
15520,0.0
6920,0.0
14220,0.0
5274,0.0
11060,0.0
18663,0.0
20076,0.0
14224,0.0
16509,0.0
15710,0.0
3656,0.0
7018,0.0
3581,0.0
674,0.0
9166,1.0
16594,0.0
8328,0.0
3419,0.0
6306,0.0
15321,0.0
14812,0.0
929,0.0
5913,0.0
12356,0.0
7983,0.0
2564,0.0
19595,0.0
12073,0.0
7199,0.0
4033,0.0
2903,0.0
3733,0.0
20025,0.0
4558,0.0
6048,0.0
412,0.0
8189,0.0
18764,0.0
7464,0.0
8612,0.0
9434,0.0
14777,0.0
20181,0.0
9991,0.0
3094,0.0
3500,0.0
430,0.0
5455,0.0
12231,0.0
662,0.0
2432,0.0
14983,0.0
17471,0.0
14389,0.0
1335,0.0
5070,0.0
19,0.0
3511,0.0
15796,0.0
4081,0.0
3674,0.0
18267,0.0
18975,0.0
11403,0.0
16244,0.0
16871,0.0
16512,0.0
13973,0.0
1671,0.0
13828,0.0
2031,0.0
18127,0.0
6367,0.0
16026,0.0
1311,0.0
16826,0.0
524,0.0
5681,0.0
1132,0.0
284,0.0
16068,0.0
5198,0.0
14791,0.0
12637,0.0
9533,0.0
16199,0.0
15508,0.0
5145,0.0
16833,0.0
20185,0.0
6726,0.0
10935,0.0
4492,0.0
334,0.0
2980,0.0
14266,0.0
9511,0.0
9534,0.0
9322,0.0
16940,0.0
16465,0.0
15712,0.0
2134,0.0
19106,0.0
4569,0.0
13927,0.0
1793,0.0
2063,0.0
4357,0.0
7898,0.0
17313,0.0
5342,0.0
1284,0.0
3358,0.0
1790,1.0
7826,0.0
16845,0.0
4592,0.0
11013,0.0
3145,0.0
1355,0.0
20183,0.0
18271,0.0
1611,0.0
15443,0.0
8155,0.0
13679,0.0
18319,0.0
13621,0.0
16727,0.0
18131,0.0
15029,0.0
6296,0.0
13340,0.0
11905,0.0
19369,0.0
19558,0.0
14874,0.0
7174,0.0
6860,0.0
2701,0.0
9180,0.0
2300,0.0
1236,0.0
10310,0.0
14790,0.0
15139,0.0
5845,0.0
7166,0.0
19970,0.0
17596,0.0
12602,0.0
15389,0.0
4842,0.0
18153,0.0
16037,0.0
1880,0.0
14968,0.0
3319,0.0
14171,0.0
13193,0.0
12984,0.0
11678,0.0
5987,0.0
3533,0.0
5295,0.0
18102,0.0
7057,1.0
13190,0.0
15570,0.0
18224,0.0
4658,0.0
10532,0.0
19822,0.0
6478,0.0
10650,0.0
18065,0.0
4780,0.0
12573,0.0
18850,0.0
18614,0.0
4889,0.0
18093,0.0
3283,0.0
19654,0.0
14999,0.0
18369,0.0
19959,0.0
13040,0.0
12035,0.0
17183,0.0
19758,0.0
16035,0.0
20384,0.0
19766,0.0
1593,0.0
2096,0.0
9552,0.0
15112,0.0
17473,0.0
15805,0.0
13773,0.0
16443,0.0
14327,0.0
16741,0.0
5718,0.0
4233,0.0
2883,0.0
19748,0.0
5172,0.0
19910,0.0
13045,0.0
4517,0.0
16018,0.0
16765,0.0
2826,0.0
8690,0.0
20224,0.0
8102,0.0
1531,0.0
6688,0.0
1474,0.0
9233,0.0
17664,0.0
16778,0.0
2547,0.0
3654,0.0
5109,0.0
5328,0.0
8231,0.0
8731,0.0
2750,0.0
14193,1.0
18979,0.0
17120,0.0
7317,0.0
16836,0.0
7807,0.0
12791,0.0
10512,0.0
5876,0.0
333,0.0
4062,0.0
16900,0.0
9308,0.0
19451,0.0
6264,0.0
5297,0.0
9593,0.0
17742,0.0
8830,0.0
6910,0.0
12980,0.0
12320,0.0
13296,0.0
10825,0.0
19681,0.0
9138,0.0
16233,0.0
20223,0.0
5040,0.0
14672,0.0
8355,0.0
18518,0.0
12036,0.0
2531,0.0
18061,0.0
12060,0.0
12498,0.0
7345,0.0
16427,0.0
12741,0.0
15959,0.0
6351,0.0
3010,0.0
4452,0.0
5835,0.0
8443,0.0
6198,0.0
3388,0.0
16510,0.0
18780,0.0
683,0.0
18318,0.0
18912,0.0
16617,0.0
10408,0.0
16418,0.0
1864,0.0
17058,0.0
1848,0.0
17876,0.0
18047,0.0
1997,0.0
3705,0.0
19815,0.0
4359,0.0
18822,0.0
6750,0.0
15330,0.0
180,0.0
5878,0.0
17747,0.0
7592,0.0
19092,0.0
14364,0.0
1814,0.0
7595,0.0
17896,0.0
12283,0.0
4427,0.0
6195,0.0
4335,0.0
4001,0.0
8811,0.0
6599,0.0
15603,0.0
12681,0.0
10895,0.0
4110,0.0
13672,0.0
8552,0.0
12508,0.0
19084,0.0
17869,0.0
17483,0.0
13622,0.0
15054,0.0
16596,0.0
3016,0.0
245,0.0
14990,0.0
17788,0.0
11539,0.0
12300,0.0
10585,0.0
1504,0.0
3970,0.0
9530,0.0
4947,0.0
10639,0.0
6103,0.0
6026,0.0
17395,0.0
12879,0.0
7855,0.0
5397,0.0
603,0.0
15526,0.0
7884,0.0
4175,0.0
9949,0.0
62,0.0
318,0.0
14769,0.0
19440,0.0
6616,0.0
1775,0.0
16202,0.0
3719,0.0
3747,0.0
4313,0.0
8433,0.0
18586,0.0
833,0.0
15892,0.0
3683,0.0
16479,0.0
8664,0.0
14030,0.0
18378,0.0
11035,0.0
4817,0.0
11440,0.0
18244,0.0
16557,0.0
2019,0.0
15239,0.0
13272,0.0
1617,0.0
11851,0.0
19135,0.0
16707,0.0
20323,0.0
7788,0.0
4375,1.0
17093,0.0
2294,0.0
9459,0.0
1834,0.0
7256,0.0
16070,0.0
1225,0.0
18507,0.0
20133,0.0
16969,0.0
8975,0.0
5541,0.0
14444,0.0
2878,0.0
410,0.0
4733,0.0
1053,0.0
11205,0.0
12230,0.0
8325,0.0
3924,0.0
14454,0.0
5743,0.0
8367,0.0
4213,0.0
11542,0.0
19028,0.0
1978,0.0
652,0.0
19672,0.0
11647,0.0
11727,0.0
10606,1.0
10732,0.0
8276,0.0
17889,0.0
4422,0.0
16036,0.0
10919,0.0
2957,0.0
15430,0.0
2159,0.0
16249,0.0
18726,0.0
19249,0.0
17441,0.0
8265,0.0
15812,0.0
2671,0.0
10903,0.0
2293,0.0
18744,0.0
8741,0.0
1156,0.0
2288,0.0
1075,0.0
10619,0.0
6187,0.0
8685,0.0
15736,0.0
9398,0.0
7473,0.0
1024,0.0
9972,0.0
1662,0.0
1517,0.0
2714,0.0
4444,0.0
5641,0.0
2981,0.0
14098,0.0
9580,0.0
14060,0.0
6851,0.0
20138,0.0
16909,0.0
7148,0.0
3153,0.0
1415,0.0
18926,0.0
14395,0.0
10045,0.0
3883,0.0
12157,0.0
11444,0.0
19226,0.0
15183,0.0
16499,0.0
9,0.0
2298,0.0
14599,0.0
2014,0.0
19769,0.0
9685,0.0
8181,0.0
680,0.0
10691,0.0
11809,0.0
11843,0.0
2937,0.0
6811,0.0
14483,0.0
596,0.0
15759,0.0
9283,0.0
977,0.0
17322,0.0
12496,0.0
2722,0.0
8256,0.0
7848,0.0
15606,0.0
9462,0.0
642,0.0
12075,0.0
3465,0.0
15374,0.0
3307,0.0
14463,0.0
10351,0.0
14986,0.0
15362,0.0
14091,0.0
7330,0.0
11868,0.0
16129,0.0
316,0.0
2608,0.0
15149,0.0
19483,0.0
12817,0.0
17419,0.0
3046,0.0
222,0.0
6397,0.0
18008,0.0
7657,0.0
17233,0.0
9911,0.0
1055,0.0
13493,0.0
15981,0.0
375,0.0
8914,0.0
18005,0.0
6372,0.0
9670,0.0
8966,0.0
2873,0.0
5212,0.0
6145,0.0
5417,0.0
14682,0.0
4690,0.0
11549,0.0
2529,0.0
12490,0.0
1408,0.0
1684,0.0
9611,0.0
20305,0.0
13811,0.0
14223,0.0
15944,0.0
4687,0.0
9693,0.0
17381,0.0
10492,0.0
8356,0.0
7012,0.0
12874,0.0
16308,0.0
14642,0.0
2345,0.0
11208,0.0
10928,0.0
1544,1.0
2536,0.0
18755,0.0
9196,0.0
7568,0.0
16322,0.0
6156,0.0
15558,0.0
8865,0.0
14180,0.0
18917,0.0
14939,0.0
7431,0.0
15057,0.0
9567,0.0
11673,0.0
2772,0.0
7457,0.0
9088,0.0
8053,0.0
6165,0.0
15265,0.0
8796,0.0
7946,0.0
2744,0.0
12220,0.0
18556,0.0
14962,0.0
12757,0.0
7738,0.0
16166,0.0
19470,0.0
17931,0.0
10016,0.0
16689,0.0
17822,0.0
8366,0.0
9133,0.0
9228,0.0
10394,0.0
6901,0.0
8522,0.0
15700,0.0
1246,0.0
1756,0.0
15772,0.0
14806,0.0
16949,0.0
3761,0.0
2111,0.0
282,0.0
18994,0.0
9132,0.0
17790,0.0
370,0.0
7535,0.0
11033,0.0
9502,0.0
7354,0.0
1261,1.0
16722,0.0
18942,0.0
9005,0.0
18412,0.0
133,0.0
17416,0.0
13149,0.0
8175,0.0
8753,0.0
8341,0.0
16788,0.0
19356,0.0
1896,0.0
16660,0.0
14517,0.0
1105,0.0
5262,0.0
13832,0.0
14784,0.0
16693,0.0
17891,0.0
13037,0.0
7911,0.0
7962,0.0
5091,0.0
8905,0.0
8287,0.0
19443,0.0
3778,0.0
18489,0.0
18525,0.0
15958,0.0
7710,0.0
305,0.0
10458,0.0
20037,0.0
15963,0.0
11254,0.0
8613,0.0
1771,0.0
9711,0.0
1628,0.0
17731,0.0
16494,0.0
13003,0.0
10534,0.0
18076,0.0
11631,0.0
12580,0.0
4829,0.0
4505,0.0
7810,0.0
20261,0.0
17260,0.0
10274,0.0
11296,0.0
2561,0.0
2587,0.0
8206,0.0
6976,0.0
10602,0.0
19465,0.0
4408,0.0
20316,0.0
17529,0.0
5168,0.0
11200,0.0
15058,0.0
7297,0.0
11571,0.0
9500,0.0
18298,0.0
5911,0.0
14867,0.0
13561,0.0
18133,0.0
3433,0.0
11231,0.0
3795,0.0
16307,0.0
14572,0.0
6151,0.0
4536,0.0
13273,0.0
12331,0.0
5618,0.0
10226,0.0
8213,0.0
19578,0.0
10157,0.0
16123,0.0
9563,0.0
19005,0.0
17663,0.0
1215,0.0
19302,0.0
15258,0.0
15929,0.0
11500,0.0
6836,0.0
11344,0.0
13489,0.0
5083,0.0
991,0.0
19873,0.0
18623,0.0
16002,0.0
5390,0.0
7212,0.0
13354,0.0
13316,0.0
1038,0.0
17763,0.0
16402,0.0
18258,0.0
7549,0.0
8211,0.0
17206,0.0
2716,0.0
7668,0.0
18268,0.0
14453,0.0
406,0.0
9537,0.0
7509,0.0
18,0.0
13756,0.0
2876,0.0
5183,0.0
9101,0.0
7817,0.0
1161,0.0
20351,0.0
13111,0.0
3898,0.0
16424,0.0
45,0.0
8832,0.0
8202,0.0
18139,0.0
19368,0.0
18899,0.0
18333,0.0
9140,0.0
12920,0.0
11144,0.0
12051,0.0
2600,0.0
7033,0.0
15289,0.0
9876,0.0
1629,0.0
3844,0.0
8003,0.0
6061,0.0
11285,0.0
19293,0.0
18579,0.0
2160,1.0
6617,0.0
3766,0.0
16676,0.0
3845,0.0
14381,0.0
3838,0.0
4316,0.0
1216,0.0
13919,0.0
6445,0.0
2240,0.0
18574,0.0
14388,0.0
5056,0.0
13402,0.0
4086,0.0
6667,0.0
2630,0.0
1569,0.0
16167,0.0
13711,0.0
5843,0.0
17875,0.0
2862,0.0
1198,0.0
10760,1.0
20239,0.0
1454,0.0
16705,0.0
16616,0.0
16864,0.0
5133,0.0
4225,0.0
8610,0.0
3116,0.0
7172,0.0
974,0.0
18336,0.0
14236,0.0
7926,0.0
15243,0.0
7526,0.0
1406,0.0
13530,0.0
5009,0.0
3342,0.0
4650,0.0
18262,0.0
9293,0.0
4092,0.0
2212,0.0
15379,0.0
3740,0.0
9520,0.0
6377,0.0
8030,0.0
19814,0.0
14941,0.0
6684,1.0
5114,0.0
18539,0.0
19353,0.0
1283,0.0
8333,0.0
12460,0.0
19756,0.0
11640,0.0
15714,0.0
14627,0.0
10699,0.0
1370,0.0
5937,0.0
19514,0.0
17009,0.0
13988,0.0
18112,0.0
13580,0.0
6640,0.0
3652,0.0
8413,0.0
16536,0.0
8911,0.0
18218,0.0
5012,0.0
825,0.0
17349,0.0
11393,0.0
14589,0.0
20335,0.0
2623,0.0
12840,0.0
7416,0.0
13116,0.0
11156,0.0
12651,0.0
2027,0.0
14525,0.0
3810,0.0
5042,0.0
4755,0.0
13288,0.0
2609,0.0
12199,0.0
9474,0.0
4547,0.0
16527,0.0
6003,0.0
16103,0.0
5839,0.0
17092,0.0
10086,0.0
6302,0.0
2727,0.0
4434,0.0
67,0.0
12928,0.0
11467,0.0
12924,0.0
12209,0.0
14432,0.0
8431,0.0
3151,0.0
5235,0.0
9428,0.0
3974,0.0
16808,0.0
10706,1.0
5305,0.0
3722,0.0
10997,0.0
16792,0.0
4067,0.0
16417,0.0
19429,0.0
3804,0.0
4572,0.0
16022,0.0
6096,0.0
18165,0.0
10700,0.0
15544,0.0
10242,0.0
8464,0.0
9903,0.0
2261,0.0
139,0.0
8589,0.0
5273,0.0
15676,0.0
1229,0.0
20409,0.0
3206,0.0
3572,0.0
14042,0.0
18495,0.0
3285,0.0
13216,0.0
2631,0.0
2782,0.0
16376,0.0
19840,0.0
3383,0.0
7600,0.0
1130,0.0
7686,0.0
15069,0.0
15190,0.0
12195,0.0
15527,0.0
13892,0.0
13395,0.0
11421,0.0
11865,1.0
10990,0.0
4031,0.0
6857,0.0
8311,0.0
1843,0.0
2570,0.0
17998,0.0
15663,0.0
9597,0.0
15269,0.0
14773,0.0
18610,0.0
15350,0.0
13563,0.0
15869,0.0
8490,0.0
15353,0.0
6748,0.0
7463,0.0
8282,0.0
11638,0.0
1656,0.0
7078,0.0
14367,0.0
13560,0.0
1152,0.0
6346,0.0
16629,0.0
3267,0.0
6166,0.0
16076,0.0
10079,0.0
6268,0.0
12031,0.0
4332,0.0
20011,0.0
12745,0.0
7300,0.0
7988,0.0
2475,0.0
14562,0.0
17531,0.0
17460,0.0
4988,0.0
2747,0.0
19623,0.0
13449,0.0
1498,0.0
8089,0.0
15699,0.0
18072,0.0
7128,0.0
17505,0.0
4339,0.0
17911,0.0
20275,0.0
18914,0.0
9752,0.0
5572,0.0
6347,0.0
18527,0.0
15061,0.0
18757,0.0
8719,0.0
16576,0.0
931,0.0
7853,0.0
13371,0.0
10757,0.0
6878,0.0
16769,0.0
17060,0.0
13292,0.0
8271,0.0
9385,0.0
5182,0.0
6063,0.0
19416,0.0
17705,0.0
1067,0.0
153,0.0
13960,0.0
13736,0.0
2074,0.0
7922,1.0
8872,0.0
8542,0.0
12310,0.0
4978,0.0
13457,0.0
2938,0.0
11498,0.0
8757,1.0
2400,0.0
4858,0.0
12598,0.0
9100,0.0
13675,0.0
10415,0.0
1734,0.0
17425,0.0
16112,0.0
10948,0.0
19464,0.0
16704,0.0
15263,0.0
8754,0.0
18555,0.0
9446,0.0
7779,0.0
3341,0.0
2632,0.0
16945,0.0
2011,0.0
14884,0.0
7469,0.0
5335,0.0
6143,0.0
11960,0.0
13251,0.0
9535,0.0
9194,0.0
5101,0.0
15970,0.0
7336,0.0
873,0.0
99,0.0
4197,0.0
19752,0.0
15417,0.0
10831,0.0
6417,0.0
17330,0.0
14394,0.0
6443,0.0
10335,1.0
11277,0.0
1026,1.0
8648,0.0
127,0.0
10273,0.0
13914,0.0
3514,0.0
14686,0.0
11847,0.0
4632,0.0
18981,0.0
8758,0.0
13016,0.0
17853,0.0
17537,0.0
11198,0.0
15482,0.0
12962,0.0
9843,0.0
5163,0.0
17481,0.0
3130,0.0
4675,0.0
3617,0.0
17328,0.0
13987,0.0
15704,0.0
3484,0.0
10689,0.0
5546,0.0
8461,0.0
1211,0.0
18632,0.0
15691,0.0
292,0.0
5121,0.0
13343,0.0
19525,0.0
15017,0.0
11857,0.0
20198,0.0
5587,0.0
4147,1.0
10668,1.0
5591,0.0
6031,0.0
17337,0.0
6707,0.0
19787,0.0
9231,0.0
18751,0.0
4888,0.0
3660,0.0
1837,0.0
11253,0.0
1033,0.0
5049,0.0
7277,0.0
7876,0.0
4097,0.0
19152,0.0
14088,0.0
2983,0.0
5023,0.0
2625,0.0
13727,0.0
4499,0.0
11195,0.0
14707,0.0
15237,0.0
17600,0.0
737,0.0
14698,0.0
19112,0.0
17947,0.0
20260,0.0
8789,0.0
14982,0.0
10899,0.0
17430,0.0
11183,0.0
14154,0.0
10812,0.0
2942,0.0
16265,0.0
13241,0.0
17589,0.0
5327,0.0
4776,0.0
7362,0.0
11135,0.0
13717,0.0
2168,0.0
14489,0.0
13182,0.0
2770,0.0
1025,0.0
9956,0.0
7633,0.0
85,0.0
10040,0.0
12381,0.0
7258,0.0
14501,0.0
17248,0.0
5475,0.0
4348,0.0
1987,0.0
16084,0.0
11966,0.0
19148,0.0
14859,0.0
8312,0.0
16841,0.0
9589,0.0
19269,0.0
19265,0.0
16477,0.0
13930,0.0
17642,0.0
5599,0.0
4524,0.0
11566,0.0
17738,0.0
8721,0.0
19763,0.0
13221,0.0
11114,0.0
920,0.0
6024,0.0
19537,0.0
16298,0.0
16329,0.0
15588,0.0
18946,0.0
6233,0.0
2572,0.0
18526,0.0
11817,0.0
17304,0.0
6179,0.0
588,0.0
19589,0.0
13075,0.0
16581,0.0
16226,0.0
20390,0.0
14904,0.0
6422,0.0
9982,0.0
19397,0.0
9798,0.0
10006,0.0
1939,0.0
2073,0.0
1093,0.0
4605,0.0
11204,0.0
20222,0.0
18408,0.0
13860,0.0
1789,0.0
5533,0.0
17898,0.0
9036,0.0
19276,0.0
11577,0.0
7304,0.0
408,0.0
3669,0.0
2558,0.0
6526,0.0
14856,0.0
15111,0.0
18341,0.0
14909,0.0
6408,0.0
12109,1.0
14206,0.0
12726,0.0
1268,0.0
10319,0.0
12764,0.0
8227,0.0
7996,0.0
13224,0.0
11125,0.0
4118,0.0
4922,0.0
4273,0.0
14330,0.0
15352,0.0
12631,0.0
5156,0.0
7993,0.0
7359,0.0
19545,0.0
7254,0.0
4411,0.0
16498,0.0
10181,0.0
20294,0.0
14967,0.0
13684,0.0
16586,0.0
18166,0.0
5551,0.0
20107,0.0
14546,0.0
4203,0.0
11045,0.0
14729,0.0
6759,0.0
7377,0.0
12847,0.0
7394,0.0
1685,0.0
4226,0.0
15709,0.0
9393,0.0
18865,0.0
6912,1.0
3941,0.0
384,0.0
8855,0.0
4,1.0
14328,0.0
17339,0.0
4122,0.0
18180,0.0
529,0.0
7038,0.0
18953,0.0
2222,1.0
1779,0.0
19142,0.0
4656,0.0
7760,0.0
2669,0.0
9559,0.0
4861,0.0
12907,0.0
7742,0.0
14350,0.0
14065,0.0
3075,0.0
1820,0.0
12867,0.0
15133,0.0
6291,0.0
10933,0.0
8775,0.0
7888,0.0
15407,0.0
6879,0.0
8715,0.0
14803,0.0
5609,0.0
14736,0.0
13996,0.0
18420,0.0
10589,0.0
10892,0.0
6144,0.0
8327,0.0
10201,0.0
2643,0.0
11380,0.0
11473,0.0
13721,0.0
17527,0.0
13333,0.0
20179,0.0
4843,0.0
8235,0.0
8640,0.0
16644,0.0
2911,0.0
5337,0.0
3234,0.0
5377,0.0
12407,0.0
12513,0.0
3324,0.0
14071,0.0
7491,0.0
3439,0.0
12341,0.0
13207,0.0
8315,0.0
18506,0.0
19583,0.0
2664,0.0
16473,0.0
19279,0.0
9426,0.0
12225,0.0
5888,0.0
8596,0.0
16890,0.0
16201,0.0
8410,0.0
9163,0.0
2157,0.0
12151,0.0
18842,0.0
8232,0.0
13315,0.0
12786,0.0
20167,0.0
1786,0.0
3987,1.0
19313,0.0
19746,0.0
583,0.0
16955,0.0
2259,0.0
4456,0.0
2094,0.0
17189,0.0
12899,0.0
6148,0.0
12523,0.0
10336,0.0
18396,0.0
12722,1.0
16835,0.0
15624,0.0
12880,1.0
8616,1.0
19151,0.0
3150,0.0
5564,0.0
15185,0.0
16302,0.0
16684,0.0
473,0.0
985,0.0
3085,0.0
354,0.0
12913,0.0
2174,0.0
14293,0.0
14905,0.0
15376,0.0
18797,0.0
7135,0.0
13094,0.0
2748,0.0
269,0.0
4846,0.0
3086,1.0
874,0.0
14262,0.0
7433,0.0
15539,0.0
16920,0.0
13163,0.0
542,0.0
12032,0.0
17442,0.0
16225,0.0
12510,0.0
13956,0.0
17329,0.0
6822,0.0
8504,0.0
3779,0.0
7002,0.0
2444,0.0
13336,0.0
15917,0.0
13257,0.0
14225,0.0
2471,0.0
7268,0.0
3603,0.0
6174,0.0
10234,0.0
19560,0.0
8015,0.0
8108,0.0
105,1.0
9118,0.0
7589,0.0
8378,0.0
7941,0.0
758,0.0
7437,0.0
8572,0.0
7823,0.0
16049,0.0
9866,0.0
9321,0.0
2621,0.0
10431,0.0
16548,0.0
7138,0.0
17686,0.0
9540,0.0
16430,0.0
6202,0.0
15483,0.0
5536,0.0
2976,0.0
2581,0.0
4920,0.0
20369,0.0
358,0.0
17179,0.0
17874,0.0
8033,0.0
2483,0.0
19285,0.0
6223,0.0
8112,0.0
9316,0.0
2754,0.0
5204,0.0
2406,0.0
5154,1.0
16446,0.0
7544,1.0
13261,0.0
6651,0.0
364,0.0
6340,0.0
8617,0.0
17457,0.0
2839,0.0
4598,0.0
8770,0.0
12783,0.0
15809,0.0
1407,0.0
15517,0.0
10599,0.0
12307,0.0
11470,0.0
16783,0.0
5223,0.0
19868,0.0
7085,0.0
6461,0.0
3033,0.0
17214,0.0
7389,0.0
20073,0.0
19606,0.0
1839,0.0
19281,0.0
13004,0.0
13990,0.0
10254,0.0
17997,0.0
490,0.0
10744,0.0
10146,0.0
15403,0.0
12441,0.0
1173,0.0
5811,0.0
19751,0.0
18782,0.0
15056,0.0
20008,0.0
7030,0.0
2018,0.0
15751,0.0
15577,0.0
817,0.0
15003,0.0
18346,0.0
17814,0.0
17908,0.0
7325,0.0
19324,0.0
4135,0.0
17949,0.0
12686,0.0
18909,0.0
9311,0.0
10893,0.0
9627,0.0
17388,0.0
6057,0.0
2079,0.0
3587,0.0
7624,0.0
2327,0.0
5520,0.0
7985,0.0
16343,0.0
10109,0.0
8088,0.0
17551,0.0
9009,0.0
19739,0.0
454,0.0
11693,0.0
18628,0.0
19673,0.0
14104,0.0
6218,0.0
14749,0.0
19679,0.0
15182,0.0
4249,0.0
17476,0.0
12796,0.0
13745,0.0
16559,0.0
9107,0.0
19867,0.0
5350,0.0
14566,0.0
17334,0.0
18440,0.0
544,0.0
12207,0.0
9945,0.0
390,0.0
4944,0.0
11836,0.0
3059,0.0
18929,0.0
90,0.0
15346,0.0
18689,0.0
6137,0.0
11945,0.0
2102,0.0
6963,0.0
9850,0.0
4352,0.0
8152,0.0
17013,0.0
6940,0.0
259,1.0
909,0.0
1872,0.0
14741,0.0
20081,0.0
13743,0.0
19932,0.0
16984,0.0
1444,0.0
20126,0.0
15838,0.0
12501,0.0
15725,0.0
8919,0.0
1560,0.0
18009,0.0
12613,0.0
19958,0.0
2629,0.0
493,0.0
2614,0.0
11015,0.0
12424,0.0
14470,0.0
4381,0.0
5087,0.0
17406,0.0
15345,0.0
6265,0.0
2525,0.0
5076,0.0
18679,0.0
13845,0.0
12535,0.0
10876,0.0
12793,0.0
15924,0.0
19191,0.0
10061,0.0
19014,0.0
1795,0.0
6701,0.0
415,0.0
18147,0.0
5502,0.0
15793,0.0
10717,0.0
1579,0.0
13812,0.0
13537,0.0
17987,0.0
13110,0.0
18448,0.0
2147,0.0
11255,0.0
17808,0.0
1424,0.0
1141,0.0
12148,0.0
8507,0.0
12278,0.0
10167,0.0
14902,0.0
20356,0.0
6197,0.0
998,0.0
2796,0.0
4459,0.0
4964,0.0
14048,0.0
8192,0.0
18887,0.0
5312,0.0
9977,0.0
7275,0.0
4827,0.0
2915,0.0
16217,0.0
9494,0.0
13995,0.0
6754,0.0
20113,0.0
11410,0.0
8593,0.0
9933,0.0
8228,0.0
9443,0.0
1819,0.0
17961,0.0
16503,0.0
15864,0.0
14611,0.0
5984,0.0
13889,0.0
112,0.0
16888,0.0
6212,0.0
16098,0.0
6126,0.0
12553,0.0
3438,0.0
13517,0.0
6484,0.0
16600,0.0
13802,0.0
19359,0.0
2546,0.0
1110,0.0
13374,0.0
13738,0.0
19110,0.0
3675,0.0
20128,0.0
9871,0.0
16007,0.0
15707,0.0
15277,0.0
14199,0.0
14728,0.0
5394,0.0
20371,0.0
7249,0.0
2548,0.0
1657,0.0
6319,0.0
6230,0.0
5138,0.0
1160,0.0
11765,0.0
8248,0.0
3729,0.0
10163,0.0
14000,0.0
604,0.0
4467,0.0
11058,0.0
3626,0.0
16269,0.0
2898,0.0
9315,0.0
12293,0.0
9870,0.0
4992,0.0
9814,0.0
5363,0.0
8224,0.0
3221,0.0
4095,1.0
917,0.0
7257,0.0
3346,0.0
7519,0.0
10803,0.0
1946,0.0
7118,0.0
14158,0.0
5547,0.0
18613,0.0
5851,0.0
15819,0.0
532,0.0
9614,0.0
9420,0.0
7184,0.0
13875,0.0
15358,0.0
15932,0.0
20219,0.0
9576,0.0
15511,0.0
8627,0.0
18882,0.0
2368,0.0
4399,0.0
19321,0.0
12445,0.0
13280,0.0
17211,0.0
12079,0.0
4708,0.0
7076,0.0
955,0.0
10845,0.0
10219,0.0
15176,0.0
1117,0.0
13945,0.0
9243,0.0
5392,0.0
14593,0.0
16585,0.0
6896,0.0
4781,0.0
1555,0.0
15728,0.0
7,0.0
8971,0.0
14332,0.0
1390,0.0
10509,0.0
7121,0.0
17540,0.0
19492,0.0
11007,0.0
8340,0.0
2875,0.0
13962,0.0
11574,0.0
14776,0.0
16844,0.0
6505,0.0
9584,0.0
11565,0.0
6718,0.0
3037,0.0
667,0.0
9705,0.0
2941,0.0
20190,0.0
12626,0.0
6354,0.0
6208,0.0
8154,0.0
20052,0.0
7301,0.0
8335,0.0
15937,0.0
7073,0.0
18778,0.0
6755,0.0
3321,0.0
5498,0.0
8638,0.0
12780,0.0
14742,0.0
10738,0.0
16814,0.0
7936,0.0
86,0.0
20115,0.0
3483,0.0
5440,0.0
8425,0.0
16732,0.0
2481,0.0
19088,0.0
11536,0.0
8560,0.0
8137,0.0
6569,0.0
15049,0.0
2320,0.0
4293,1.0
15905,0.0
13452,0.0
14739,0.0
18725,0.0
1062,0.0
15023,0.0
7191,0.0
10375,0.0
4461,0.0
18609,0.0
8812,0.0
16186,0.0
17360,0.0
10770,0.0
10256,0.0
1030,0.0
1714,0.0
10814,0.0
17638,0.0
16990,0.0
18028,0.0
4502,0.0
129,0.0
8104,0.0
5965,0.0
1725,0.0
19852,0.0
7642,0.0
18653,0.0
3295,0.0
14972,0.0
1332,0.0
17802,0.0
13035,0.0
18611,0.0
12588,0.0
9008,0.0
7959,0.0
17181,0.0
3459,0.0
2776,0.0
13001,0.0
215,0.0
14144,0.0
14241,0.0
12473,0.0
3243,0.0
14324,0.0
17935,0.0
1136,0.0
20180,0.0
15328,0.0
9510,0.0
14222,0.0
311,0.0
5500,0.0
17745,0.0
11076,0.0
8290,0.0
8802,0.0
694,0.0
15318,0.0
14306,0.0
12191,0.0
17811,0.0
617,0.0
14702,0.0
11976,0.0
14714,0.0
8094,0.0
16896,0.0
18260,0.0
7104,0.0
5142,0.0
3706,0.0
3687,1.0
14447,0.0
7474,0.0
4826,0.0
16779,0.0
18601,0.0
3149,0.0
3353,0.0
11987,0.0
8980,0.0
8408,0.0
6362,0.0
15315,0.0
18708,0.0
14069,0.0
11138,0.0
2939,0.0
9113,0.0
6972,0.0
6613,0.0
14753,0.0
18286,0.0
18766,0.0
9669,0.0
6219,0.0
18115,0.0
5555,0.0
3395,0.0
719,0.0
4841,0.0
15689,0.0
12303,0.0
10724,0.0
16203,0.0
4184,0.0
4852,0.0
1578,0.0
1000,0.0
19007,0.0
1623,0.0
6652,0.0
9438,0.0
9867,0.0
4527,0.0
14045,0.0
6771,0.0
3363,0.0
10428,0.0
2186,0.0
14747,0.0
4239,0.0
6021,0.0
8197,0.0
8201,0.0
16065,0.0
730,0.0
19018,0.0
14684,0.0
11819,0.0
15519,0.0
17671,0.0
3299,0.0
19229,0.0
12781,0.0
13304,0.0
14402,0.0
9274,0.0
10100,0.0
19215,0.0
2417,0.0
778,0.0
4198,0.0
12123,0.0
8536,0.0
7013,0.0
7944,0.0
8961,0.0
1476,0.0
5065,0.0
8169,0.0
2082,0.0
9642,0.0
10313,0.0
2913,0.0
16691,0.0
11313,0.0
15893,0.0
9070,0.0
8339,0.0
13553,0.0
17158,0.0
6342,0.0
19833,0.0
8868,0.0
11187,0.0
220,0.0
6628,0.0
18118,0.0
14351,0.0
19651,0.0
15123,0.0
17885,0.0
5796,0.0
7835,0.0
18612,0.0
11300,0.0
5908,0.0
19147,0.0
19156,0.0
80,0.0
9547,0.0
5347,0.0
3393,0.0
7339,0.0
19428,0.0
3688,0.0
5169,0.0
6213,0.0
18503,0.0
17803,0.0
2081,0.0
2936,0.0
16351,0.0
18332,0.0
10961,0.0
6154,0.0
2852,0.0
11059,0.0
11241,0.0
12142,0.0
11301,0.0
10463,0.0
8511,0.0
5873,0.0
18297,0.0
5462,0.0
20252,0.0
11661,0.0
2201,0.0
8426,0.0
8571,0.0
19527,0.0
14307,0.0
15607,0.0
12443,0.0
13687,0.0
6509,0.0
306,0.0
5330,0.0
18213,0.0
11696,0.0
13344,0.0
10352,0.0
5037,0.0
15022,0.0
10051,0.0
3772,0.0
19021,0.0
17959,0.0
7309,0.0
17625,0.0
18602,0.0
847,0.0
7537,0.0
356,0.0
12135,0.0
2557,0.0
13791,0.0
19344,0.0
11206,0.0
14103,0.0
20178,0.0
2312,0.0
3147,0.0
1369,0.0
15075,0.0
15622,0.0
10188,0.0
8979,0.0
8147,0.0
5575,0.0
8764,0.0
13516,0.0
16936,0.0
15510,0.0
4678,0.0
9760,0.0
8286,0.0
6820,0.0
2131,0.0
744,0.0
5412,0.0
19405,0.0
18042,0.0
12974,0.0
19255,0.0
20282,0.0
17298,0.0
5696,0.0
932,0.0
19858,0.0
6527,0.0
12462,0.0
7783,0.0
13063,0.0
660,0.0
6631,0.0
6982,0.0
19837,0.0
7164,0.0
11072,0.0
7447,0.0
17484,0.0
18162,0.0
9144,0.0
3434,0.0
17989,0.0
3090,0.0
1885,0.0
18296,0.0
919,0.0
20352,0.0
7554,0.0
8048,0.0
13682,0.0
13918,0.0
11714,0.0
9625,0.0
17757,0.0
6049,0.0
12813,0.0
19722,0.0
5071,0.0
20199,0.0
2491,0.0
3175,0.0
17656,0.0
14533,0.0
263,0.0
4446,0.0
10464,0.0
3040,0.0
17514,0.0
2401,0.0
13861,0.0
19952,0.0
12969,0.0
1633,0.0
3648,0.0
8886,0.0
4053,0.0
19373,0.0
10367,0.0
8994,0.0
5485,0.0
10745,0.0
1040,0.0
970,0.0
3191,0.0
6625,0.0
16885,0.0
2698,0.0
11988,0.0
902,0.0
18821,0.0
6870,0.0
9215,0.0
4504,0.0
17282,0.0
253,0.0
13320,0.0
154,1.0
19635,0.0
19512,0.0
18355,0.0
10110,0.0
7478,0.0
9173,0.0
670,0.0
10558,0.0
7771,1.0
3985,0.0
16335,0.0
4985,0.0
3847,0.0
478,0.0
5674,0.0
12870,0.0
20036,0.0
3882,0.0
22,0.0
4093,0.0
11903,0.0
15234,0.0
1899,0.0
9639,0.0
4386,0.0
1739,0.0
6522,1.0
11743,0.0
5977,0.0
17326,0.0
11244,0.0
4567,0.0
17001,0.0
12111,0.0
19471,0.0
2000,0.0
1399,1.0
18343,0.0
16063,0.0
5980,0.0
11136,0.0
3345,0.0
19532,0.0
4168,0.0
14391,0.0
9995,0.0
2761,0.0
9406,0.0
7886,0.0
10733,0.0
3666,0.0
18688,0.0
3217,0.0
16507,0.0
20218,0.0
15426,0.0
14360,0.0
6019,0.0
12713,0.0
14398,0.0
10507,0.0
16214,0.0
7117,0.0
8360,0.0
18568,0.0
10666,0.0
17104,0.0
16723,0.0
4024,0.0
13107,0.0
5378,0.0
7717,0.0
15153,0.0
13114,0.0
4691,0.0
6597,0.0
1012,0.0
2165,0.0
4390,0.0
2728,0.0
9988,0.0
8822,0.0
9710,0.0
3558,0.0
7237,0.0
1316,0.0
16150,0.0
3060,0.0
13332,0.0
16030,0.0
19342,0.0
17648,0.0
15099,0.0
13674,0.0
7455,0.0
18838,0.0
20,0.0
16524,0.0
470,0.0
16270,0.0
16223,0.0
12144,0.0
19529,0.0
5141,0.0
13870,0.0
16321,0.0
15541,0.0
10704,0.0
16255,0.0
9863,0.0
1143,0.0
1092,0.0
18566,0.0
5120,0.0
16993,0.0
20109,0.0
12965,0.0
15686,0.0
516,0.0
13813,0.0
13546,0.0
16688,0.0
11266,0.0
16621,0.0
7039,0.0
16662,0.0
14464,1.0
19504,0.0
13108,0.0
1493,0.0
2265,0.0
16072,0.0
710,0.0
10200,0.0
14296,0.0
4241,0.0
19167,0.0
18939,0.0
11685,0.0
9067,0.0
18991,0.0
14542,0.0
19043,0.0
9989,0.0
810,0.0
18301,0.0
11269,0.0
15522,0.0
844,0.0
11518,0.0
10270,0.0
15097,0.0
15584,0.0
10605,0.0
18020,0.0
16752,0.0
20238,0.0
8126,0.0
12294,0.0
5041,0.0
6441,0.0
10419,0.0
4774,0.0
4211,0.0
14580,0.0
13330,0.0
16842,0.0
7924,0.0
1336,0.0
18255,0.0
19095,0.0
9337,0.0
14928,0.0
12534,0.0
11369,1.0
6238,0.0
990,0.0
18221,0.0
17878,0.0
18957,0.0
11086,0.0
13393,0.0
14588,0.0
890,0.0
14539,0.0
495,0.0
4631,0.0
16795,0.0
1359,0.0
14745,0.0
11894,0.0
10010,0.0
15088,0.0
9343,0.0
1314,0.0
14568,0.0
3372,0.0
10277,0.0
11497,0.0
19251,0.0
18108,0.0
18358,0.0
6650,0.0
12119,0.0
11541,0.0
6727,0.0
11102,0.0
16944,0.0
18321,0.0
10393,0.0
1746,0.0
19994,0.0
7186,0.0
11592,0.0
8702,0.0
8321,0.0
18719,0.0
4480,0.0
2448,0.0
17212,0.0
13942,0.0
1193,0.0
10562,0.0
13509,0.0
5099,0.0
14303,0.0
13137,0.0
18389,0.0
19400,0.0
6802,0.0
19526,0.0
10781,0.0
14597,0.0
19723,0.0
5556,0.0
8834,0.0
1122,0.0
3614,0.0
7441,0.0
3127,0.0
3875,0.0
4796,0.0
14520,0.0
4896,0.0
20221,0.0
6774,0.0
4398,0.0
10531,0.0
18041,0.0
19690,0.0
5853,0.0
15280,0.0
11238,0.0
12565,0.0
3162,0.0
14113,0.0
3312,0.0
6033,0.0
6872,0.0
12700,0.0
17796,0.0
19573,0.0
8693,0.0
10848,0.0
9659,0.0
8920,0.0
9377,0.0
843,0.0
202,0.0
14839,0.0
16756,0.0
19987,0.0
9573,0.0
18331,0.0
8870,0.0
4885,0.0
7819,0.0
15018,0.0
4718,0.0
12621,0.0
19953,0.0
11990,0.0
11501,0.0
19170,0.0
1481,0.0
9057,0.0
4913,0.0
13006,0.0
12155,0.0
13706,0.0
14072,0.0
12524,0.0
926,0.0
7543,0.0
10676,0.0
4102,0.0
525,0.0
314,0.0
17683,0.0
16532,0.0
17147,0.0
19733,0.0
9276,0.0
12219,0.0
13907,0.0
13184,0.0
14699,0.0
14623,0.0
15771,0.0
12250,1.0
13848,0.0
19838,0.0
8624,0.0
5189,0.0
20029,0.0
1428,0.0
8012,0.0
17904,0.0
8692,0.0
7016,0.0
851,0.0
18265,0.0
8867,0.0
10315,0.0
16690,0.0
13378,0.0
11376,0.0
6579,0.0
4134,0.0
9427,0.0
12475,0.0
8080,0.0
11616,0.0
13631,0.0
6240,0.0
33,0.0
5567,0.0
5554,0.0
14421,0.0
7822,0.0
543,0.0
15441,0.0
18044,0.0
14960,0.0
3637,0.0
15384,0.0
12522,0.0
3461,0.0
8879,0.0
17919,0.0
2552,0.0
17039,0.0
3878,0.0
7634,0.0
9853,1.0
3197,0.0
16054,0.0
15180,0.0
18683,0.0
19817,0.0
18312,0.0
16764,0.0
19157,0.0
9687,0.0
3573,0.0
5690,0.0
2573,0.0
19320,0.0
17464,0.0
4158,0.0
18317,0.0
19393,0.0
3576,0.0
16551,0.0
4469,0.0
13590,0.0
18348,0.0
19683,0.0
12600,0.0
16331,0.0
8051,0.0
15644,0.0
19346,0.0
2932,0.0
15298,0.0
5084,0.0
8977,0.0
5484,0.0
11168,0.0
4295,0.0
16642,0.0
16991,0.0
12670,0.0
13767,0.0
11401,0.0
19055,0.0
18160,0.0
19783,0.0
18760,0.0
13883,0.0
10852,0.0
6259,0.0
13790,0.0
16481,0.0
11523,0.0
17614,0.0
9244,0.0
14898,0.0
8005,0.0
16370,0.0
12269,0.0
10568,0.0
17827,0.0
2385,0.0
978,0.0
7162,1.0
19791,0.0
5143,0.0
3748,0.0
15713,0.0
4244,0.0
1802,1.0
7131,1.0
28,0.0
19244,0.0
18291,0.0
15758,0.0
12603,0.0
10849,0.0
2959,0.0
13818,0.0
18948,0.0
18809,0.0
13852,0.0
14841,0.0
13886,0.0
12808,0.0
19223,0.0
6974,0.0
14345,0.0
5491,0.0
5326,0.0
5644,0.0
6886,0.0
2982,0.0
5082,0.0
17323,0.0
17014,0.0
11782,0.0
12825,0.0
19613,0.0
5458,1.0
8470,0.0
11524,0.0
4472,0.0
5264,0.0
2478,0.0
522,0.0
6915,0.0
18970,0.0
9908,0.0
1340,0.0
11681,0.0
7947,0.0
1394,0.0
13562,0.0
4482,0.0
7404,0.0
16848,0.0
20049,0.0
1661,0.0
5772,0.0
1182,0.0
13752,0.0
15065,0.0
9528,0.0
3380,0.0
19153,0.0
10489,0.0
10257,0.0
1831,0.0
462,0.0
3998,0.0
17079,0.0
11460,0.0
3723,0.0
13857,0.0
4119,0.0
650,0.0
16066,0.0
13392,0.0
10235,0.0
6812,0.0
17123,0.0
584,0.0
13505,0.0
18698,0.0
17004,0.0
1315,0.0
2216,0.0
12502,0.0
10582,0.0
11800,0.0
4433,0.0
17073,0.0
6292,0.0
10401,0.0
5158,0.0
13596,0.0
4715,0.0
13518,0.0
3995,0.0
4667,0.0
13300,0.0
11034,0.0
12066,0.0
13959,0.0
15619,0.0
249,0.0
17124,0.0
5884,0.0
10436,0.0
11303,0.0
9521,0.0
1566,0.0
10281,0.0
2731,0.0
6926,0.0
9555,0.0
17187,0.0
3728,0.0
4218,0.0
18393,0.0
9345,0.0
19962,0.0
11487,0.0
18476,0.0
10851,0.0
15294,0.0
8568,0.0
6046,1.0
9811,0.0
2968,0.0
6010,0.0
11956,0.0
19448,0.0
19593,0.0
2155,0.0
14177,0.0
9610,0.0
18092,0.0
16763,0.0
3322,1.0
5598,0.0
6845,0.0
10227,0.0
2126,0.0
12171,0.0
4798,0.0
18447,0.0
10182,0.0
11505,0.0
35,0.0
142,0.0
9237,0.0
4603,0.0
9514,0.0
8277,0.0
16501,0.0
17832,0.0
942,0.0
16176,0.0
5316,0.0
15531,0.0
3369,1.0
3744,0.0
270,0.0
17726,0.0
1199,0.0
6231,0.0
892,0.0
19132,0.0
1417,0.0
10452,0.0
9323,0.0
10996,0.0
9662,0.0
11399,0.0
16245,0.0
6502,0.0
10854,0.0
13055,0.0
4711,1.0
17819,0.0
8561,0.0
19224,0.0
10000,0.0
10117,0.0
18960,0.0
203,0.0
13027,0.0
18684,0.0
12827,0.0
5486,0.0
2034,0.0
791,0.0
1228,0.0
5113,0.0
1345,1.0
1294,0.0
1678,0.0
11167,0.0
3784,0.0
11916,0.0
19811,0.0
2162,0.0
12911,0.0
19160,0.0
10762,0.0
14567,0.0
17737,0.0
93,0.0
15231,0.0
4787,0.0
14995,0.0
6581,0.0
5754,0.0
7385,0.0
2449,0.0
13888,0.0
9463,0.0
7410,0.0
1757,0.0
4965,0.0
4783,0.0
2210,0.0
6041,0.0
12537,0.0
4201,0.0
417,0.0
6627,1.0
9269,0.0
636,0.0
8382,0.0
18325,0.0
73,0.0
15150,0.0
1466,0.0
13544,0.0
7119,0.0
7704,0.0
4819,0.0
12459,0.0
190,0.0
16319,0.0
4059,0.0
3282,0.0
11876,0.0
5862,0.0
17487,0.0
16970,0.0
9288,0.0
12279,0.0
3950,0.0
1891,0.0
15532,0.0
13893,0.0
5304,0.0
7753,0.0
9802,0.0
6205,0.0
9471,0.0
15435,0.0
11561,0.0
10829,0.0
18955,0.0
18880,0.0
3546,0.0
3447,0.0
14359,0.0
11442,0.0
7725,0.0
20310,0.0
14643,0.0
10244,0.0
18715,0.0
5624,0.0
20084,0.0
4395,1.0
7940,0.0
4367,0.0
19710,0.0
16126,0.0
4884,0.0
11886,0.0
5062,0.0
2108,0.0
14632,0.0
780,0.0
11302,0.0
6935,0.0
14013,0.0
6065,0.0
16922,0.0
1232,0.0
19792,0.0
7341,0.0
10423,0.0
17691,0.0
12541,0.0
20168,0.0
10510,0.0
6116,0.0
13254,0.0
14108,0.0
11597,0.0
9879,0.0
12014,0.0
4906,0.0
5552,0.0
12860,0.0
13703,0.0
2424,0.0
17760,0.0
14162,0.0
19879,0.0
3002,0.0
6887,0.0
1490,0.0
19130,0.0
5579,0.0
763,0.0
11586,0.0
17391,0.0
18251,0.0
9623,0.0
9193,0.0
18650,0.0
2502,0.0
6318,0.0
2693,0.0
11265,0.0
4716,0.0
15364,0.0
15894,0.0
18659,0.0
17833,0.0
16003,0.0
15024,0.0
736,0.0
5660,0.0
19986,0.0
16856,0.0
0,0.0
15485,0.0
4240,0.0
8581,0.0
3111,0.0
661,0.0
12934,0.0
9176,0.0
3763,0.0
14294,0.0
18142,0.0
482,0.0
19102,0.0
12732,0.0
12280,0.0
7251,0.0
9964,0.0
6493,0.0
17190,0.0
13419,0.0
14519,0.0
2104,0.0
17741,0.0
17272,0.0
17887,0.0
8216,0.0
677,0.0
1034,0.0
12469,0.0
15486,0.0
17184,0.0
2816,0.0
1427,0.0
8871,0.0
9654,0.0
12763,0.0
3609,0.0
10260,0.0
18620,0.0
11977,0.0
19764,0.0
4176,0.0
18741,0.0
1897,0.0
8354,0.0
1713,0.0
565,0.0
11256,0.0
5411,0.0
12978,0.0
14500,0.0
1513,1.0
8374,0.0
10224,0.0
5514,0.0
16285,0.0
1361,0.0
17447,0.0
10930,0.0
3776,0.0
10485,0.0
11247,0.0
2323,0.0
117,0.0
3389,0.0
17815,0.0
1018,0.0
2480,0.0
5891,0.0
16745,0.0
8962,0.0
2602,0.0
1133,0.0
1552,0.0
20268,0.0
18921,0.0
14145,0.0
664,0.0
3213,1.0
14644,0.0
411,0.0
19923,0.0
7137,0.0
287,0.0
1276,0.0
19333,0.0
4483,0.0
5171,0.0
13176,0.0
7145,0.0
8095,0.0
15299,0.0
8671,0.0
15477,0.0
1769,0.0
17903,0.0
6121,0.0
15421,0.0
3142,0.0
18799,0.0
11416,0.0
2540,0.0
16869,0.0
2799,0.0
15578,0.0
20312,0.0
16988,0.0
20014,0.0
1945,0.0
18035,0.0
2375,0.0
15961,0.0
13770,0.0
10681,0.0
18424,0.0
474,0.0
505,0.0
8293,0.0
17024,0.0
19916,0.0
9449,0.0
9074,0.0
1050,0.0
8531,0.0
3071,0.0
13376,0.0
13582,0.0
11093,0.0
2100,0.0
17976,0.0
2184,0.0
958,0.0
8412,0.0
20187,0.0
4599,0.0
7284,0.0
5309,0.0
560,0.0
11067,0.0
8805,0.0
962,0.0
19301,0.0
13579,0.0
5596,0.0
13670,0.0
17719,0.0
15344,0.0
2153,0.0
9810,0.0
7443,0.0
8161,1.0
8574,0.0
17607,0.0
6485,0.0
13174,0.0
1140,1.0
11220,0.0
7792,0.0
7945,0.0
3313,0.0
5159,0.0
17810,0.0
3934,0.0
8996,0.0
10055,0.0
17008,0.0
5127,0.0
12683,0.0
15614,0.0
5964,0.0
1957,0.0
19079,0.0
6207,0.0
2124,0.0
2099,0.0
17142,0.0
13630,0.0
639,0.0
19435,0.0
6957,0.0
2064,0.0
5737,0.0
15406,0.0
7857,1.0
18619,0.0
20193,0.0
4401,0.0
38,0.0
576,0.0
17566,0.0
17378,0.0
10718,0.0
18151,0.0
17223,0.0
16207,0.0
12434,0.0
16794,0.0
5301,0.0
2413,0.0
681,0.0
19542,0.0
16304,0.0
2262,0.0
7701,0.0
2742,0.0
513,0.0
17486,0.0
7994,0.0
13664,0.0
700,0.0
440,0.0
7644,0.0
9557,0.0
15760,0.0
17420,0.0
8070,0.0
19914,0.0
18126,0.0
2132,0.0
3590,0.0
1174,0.0
19287,0.0
17598,0.0
1534,0.0
981,0.0
124,0.0
12821,0.0
582,0.0
7714,0.0
14096,0.0
5603,0.0
19889,0.0
17340,0.0
13627,0.0
3591,0.0
18513,0.0
17559,0.0
12958,1.0
3186,0.0
5186,0.0
10203,0.0
17793,0.0
20131,0.0
1157,0.0
13382,0.0
7693,1.0
18528,0.0
15585,0.0
10637,0.0
16539,0.0
5134,0.0
19974,0.0
13052,0.0
11835,0.0
5655,0.0
2869,0.0
7599,0.0
16872,0.0
7187,0.0
4651,0.0
13638,0.0
10634,0.0
17823,0.0
11164,0.0
14996,0.0
4254,0.0
1188,0.0
7573,0.0
6398,0.0
4274,0.0
8208,0.0
6768,0.0
18158,0.0
19200,0.0
19810,0.0
5917,0.0
4961,0.0
527,0.0
2434,0.0
8200,0.0
16014,0.0
10984,0.0
8145,0.0
2830,0.0
18458,0.0
17717,0.0
16997,0.0
12816,0.0
14219,0.0
5722,0.0
10577,0.0
18459,0.0
2805,0.0
9284,0.0
3909,0.0
2299,0.0
2129,0.0
11856,0.0
12947,0.0
17573,0.0
19530,0.0
572,0.0
18557,0.0
17711,0.0
10708,0.0
1647,1.0
1433,1.0
7452,0.0
4221,1.0
6999,0.0
12887,0.0
16195,0.0
13162,0.0
10968,0.0
10915,0.0
4360,0.0
18544,0.0
12581,0.0
9087,0.0
6249,0.0
8818,0.0
9456,0.0
9721,0.0
17091,0.0
13327,0.0
5752,0.0
10011,0.0
1339,0.0
5816,0.0
10466,0.0
7320,1.0
18634,0.0
17160,0.0
6997,0.0
14445,0.0
2646,0.0
4042,0.0
19803,0.0
3226,0.0
19085,0.0
18674,0.0
5161,0.0
5545,1.0
3827,0.0
18247,0.0
6067,0.0
20345,0.0
657,0.0
16598,0.0
14598,0.0
7894,1.0
14637,0.0
10580,0.0
10259,0.0
7561,0.0
5886,0.0
3215,0.0
14258,0.0
19780,0.0
10775,0.0
10780,0.0
8118,0.0
14907,0.0
19041,0.0
19033,0.0
14544,0.0
950,0.0
5914,0.0
4205,0.0
7234,0.0
8052,0.0
5934,0.0
