asset,expense,liabilities,equity,investment,advertising,profit
950.4073368997216,463.4478814301894,297.8872072754023,652.5201296243192,28.071450091127236,89.59150693164317,2234.720616194385
943.151409967014,444.8694290508514,299.33643035795274,643.8149796090613,37.7719364850016,84.542884612594,2211.0179034245502
996.4728244904794,402.769708227783,299.6458054515329,696.8270190389464,3.474213411546329,70.65039654526657,2278.566399908102
986.5931028869484,493.43682762017806,300.0930088753122,686.5000940116362,66.29402014189128,94.7366688116357,2330.5549331128964
940.6363360750626,485.4755489369677,300.99544243008853,639.6408936449741,13.881266874634237,81.24117191616347,2196.3082545808816
986.4803560528401,442.51279049928337,300.0071110434802,686.4732450093599,17.98064055302375,91.26686735776728,2323.995606946816
911.3576261338908,465.5183853932087,300.9940883513828,610.363537782508,85.13368309890566,82.02920049430928,2129.788258210439
980.8672921011602,451.11759572457055,300.9391326026493,679.9281594985109,131.91562656078514,84.80985925830755,2293.1835482307524
984.4144531099566,485.81142054051566,300.8222349486005,683.5922181613562,17.64360644644046,89.7230474405788,2309.8096776000975
954.6862923433156,455.3877561493845,300.9382267184066,653.748065624909,135.14039952863195,102.99652356667042,2315.4802591205002
904.5152121777936,450.1442447031236,298.7262589871235,605.7889531906701,100.52030766464182,100.63061438162856,2184.3873816901305
971.215411421112,485.4410600594755,299.9518084590655,671.2636029620464,86.35476457188624,108.31175405622008,2353.791311881867
909.1646654867332,507.5266721111984,299.97742814414516,609.187237342588,23.60229879213084,115.72910704914783,2273.988507230331
927.8796865991097,467.5766631038529,301.66162390896454,626.2180626901452,139.17060455243038,96.5117309970191,2233.090504517794
910.8812750446559,510.1616417371191,299.66359469578,611.217680348876,144.68120114064453,94.89073349340885,2200.1019697293605
921.8155796566285,437.05860025583246,299.97785556701047,621.8377240896181,130.98286900739055,76.95467233369789,2145.554808816441
971.7250830106335,540.5925252626131,299.2032009096685,672.5218821009651,21.91372485697869,112.88658287061835,2386.3387489791617
989.701061049381,446.108263138214,300.47438115779744,689.2266798915836,111.13062016658051,85.27705881457105,2289.717826069811
909.8286960578332,515.9470478906745,298.9325235003973,610.8961725574359,93.50312618255623,105.07089497510479,2216.331446293572
942.737797926142,426.06586543814655,300.08825325602123,642.6495446701208,89.84939742561549,81.60800369723205,2197.07173037878
961.9789308757349,506.5827347755809,300.89182958635496,661.0871012893799,104.83978152574807,97.38681701340568,2299.5275953422574
949.3409452290666,481.5556375771124,300.7959140452125,648.5450311838541,133.2757043529431,90.49746023103818,2239.772316894583
935.5647203426884,479.4230777321965,299.1095194807465,636.4552008619419,52.06856356161604,89.98016909411925,2234.2995516159185
980.5749630013441,485.50771264171533,300.90302863345886,679.6719343678853,141.64521031906347,95.1828243448834,2340.2289945082307
936.2141156560407,489.78731760429037,297.75988606417883,638.4542295918618,81.3638613536739,82.75825677547192,2206.3386777961764
916.7311379577615,437.7602831776579,299.880872027492,616.8502659302694,114.86910751195803,75.19485456709313,2112.366678455725
964.8549939516561,447.5763613633083,299.63486715654926,665.2201267951068,66.515259819261,123.43182352698156,2411.8808337567066
902.8821945494557,445.6017823793854,301.37543404745014,601.5067605020056,27.22495794318441,85.57877012143061,2146.0264764806216
963.8880594252906,409.71075873904033,300.64739407473417,663.2406653505565,113.67743988663752,77.86035728373733,2231.1000853304695
974.526323248074,464.6593225378322,299.1735903786351,675.352732869439,43.12997941963662,104.74615054986269,2348.1385510270975
935.967064561805,482.6249160210876,299.5235815083261,636.443483053479,131.5688455759283,104.38082021257495,2283.5950526124566
963.5346554242747,435.19038519607074,297.78866325884536,665.7459921654292,55.131931267111305,95.76999288305377,2311.7247414421427
973.2273093511467,478.1882509086661,298.50900788954516,674.7183014616015,15.173123201749759,97.57571005732534,2327.2781332766294
947.6728500741593,384.23825537588857,301.37743692259727,646.2954131515621,88.56990540974324,68.89018120287342,2153.5544032887756
949.9306892110866,508.6638919293455,300.62313759932954,649.307551611757,98.63179639996663,81.06516189853934,2219.162396062229
940.5918361213803,453.64934737521,300.20434909977894,640.3874870216014,18.21760608919127,106.01647384265803,2296.174746311724
985.0710616923993,464.5770537066969,300.733116914575,684.3379447778243,101.36087701859402,101.32984986273708,2353.8083559015267
985.9761996888101,483.4220869783968,301.14648668749027,684.8297130013198,36.99112852589926,80.58606007810252,2282.6554014334206
971.6692888490844,479.6432944095709,300.5740970141639,671.0951918349206,34.24852100098876,84.91523838559021,2263.3887240888616
932.093258562658,472.9157875103472,299.2654128232819,632.827845739376,140.53804091393184,77.07349255542769,2156.8411995042593
930.1164292292334,407.7121784588662,300.93897657015015,629.1774526590832,99.06562749364882,88.9138074566093,2213.833491316426
968.2412143160735,516.5199984209523,299.5288085276667,668.7124057884068,69.41714164793076,88.91157138877941,2274.340092345692
924.8299851388492,410.84941488860096,300.5394101560719,624.2905749827773,93.34448176656424,68.05948781390293,2117.0272716615546
908.5838964671489,504.82104300675076,299.4793816946762,609.1045147724726,63.29102616306487,111.72324563152301,2255.731105110887
967.9581207429019,432.19912470986094,300.95988229263315,666.9982384502687,80.04664690888497,96.76424917096162,2310.4549517318574
924.9123710226236,426.49859807643844,300.3784893290624,624.5338816935612,114.8464679670803,60.21648376502755,2090.253984756949
956.9815392902952,431.60546599597933,300.5195375401527,656.4620017501425,36.05766570227786,79.31814066871425,2206.684512049506
956.2308180381049,493.9202666433745,299.6466955507938,656.5841224873111,97.85713141794469,100.6026558719421,2307.585863992924
992.6871519066423,445.3840388130891,300.20192120925856,692.4852306973837,3.5452633473526913,84.43500314475082,2307.7823972195592
964.4157320761591,402.1681815882114,299.78306993301635,664.6326621431427,64.57105076241207,84.43526602722116,2260.1007962177164
911.3807646549236,448.9775637015324,300.19606008153977,611.1847045733839,126.01821323656786,88.02991434372538,2167.4681934541495
1009.6969378388904,503.9650763168346,299.0839573705544,710.612980468336,55.38979298311866,98.1801055645947,2392.521289829855
961.2937679588204,456.6021497793606,301.9912470060563,659.3025209527641,131.42574302142114,94.51971814786624,2295.4366713445934
924.0209265493982,462.06693001792024,299.691081124949,624.3298454244491,2.5811411677529112,76.65573567700017,2144.223758901351
973.4891036086324,403.05803265739485,299.1483616135491,674.3407419950832,3.6295190659248977,95.02073932519912,2319.3265993091895
929.3214921452158,412.179780232966,300.42307823642324,628.8984139087925,41.902791965328426,85.74901678888945,2204.3368744871254
1001.2325035335376,437.651760032413,300.30192345943453,700.9305800741031,51.84855097333271,85.49995223331003,2330.1350329594115
971.4415508570912,455.38403099932765,300.17169329490923,671.269857562182,60.77967304789615,102.3475530932869,2328.308182944979
971.396009510991,419.9489109322003,299.76597750269025,671.6300320083008,26.83265109799415,88.50307550594349,2294.101815289307
961.5180491933446,444.1943050884521,300.61097859216164,660.907070601183,85.79871881935237,83.70883904408308,2257.682205607737
990.770598947289,387.6788366999357,298.82908361161526,691.9415153356738,96.45698807121407,71.4835454615607,2273.626958043336
964.4369672677186,488.0999528177182,299.8981374763296,664.5388297913889,17.321026404631603,111.05869665480992,2370.2958608728127
962.3903818934489,466.37169002200176,299.41953544409085,662.9708464493581,126.06442918257996,79.70665988236058,2227.5955997529077
924.6897880448115,434.2890800579439,298.88550037967855,625.804287665133,29.906828751534267,87.58938055248204,2199.762354356479
972.7589573867704,435.0652179980471,299.7169535216369,673.0420038651334,21.454304611568414,73.72563688689486,2238.0917844872665
957.8237614237544,464.26984781758495,299.84402733086455,657.9797340928899,69.60958792587897,77.83360432213328,2228.6231204272535
978.0725404805376,482.50097958235824,298.54395657947913,679.5285839010585,1.436631527542026,110.64528086611975,2385.995475494031
964.7088157912469,463.0902862747666,300.31174899503435,664.3970667962126,117.84413072219593,85.59324232951249,2262.810029553358
966.6277192083428,456.4937627070942,301.22719459938185,665.400524608961,135.85707488058432,96.17223015358337,2312.1975733498466
898.3658832989803,521.5596479432272,301.73211918216344,596.6337641168168,65.91967273270681,104.60330201051642,2214.5849293440738
963.923398206933,435.51723795624395,299.1474111814523,664.7759870254807,41.39598944885499,81.42603249385046,2240.7856371034145
939.9797583846249,502.5608782584715,299.86931920380647,640.1104391808185,59.871289056478744,91.7505676411187,2240.6939736936138
972.769998295818,521.7309601051726,300.5613638096023,672.2086344862157,126.81679479718512,97.6917443447829,2320.6279500153055
945.7640872435985,444.70366207286776,298.2848089549013,647.4792782886973,49.83399469411335,77.39546274918075,2186.6328217588098
935.6378557592195,446.8690770279006,300.16002850677745,635.477827252442,125.79081991079191,97.72463335773757,2258.646945793867
998.3423495309793,505.6635656398199,298.170324618254,700.1720249127252,116.42510991845454,92.03049933949227,2364.0800190179393
945.3195241627758,378.5934607589663,300.0208987220274,645.2986254407483,1.0360036228784961,57.76497702238716,2114.787483331554
1001.3094109281247,386.064749106546,299.827498449882,701.4819124782427,70.77803255057638,64.96874109176474,2249.4886206942756
975.1562580770201,435.2698737823921,300.3613880848525,674.7948699921676,83.43817629891981,84.23860510090435,2283.837900244078
942.8168788894365,404.42205737102853,301.16654479623844,641.650334093198,115.99310396413138,88.25692522669185,2222.6662940192314
903.6360813156907,527.0307245635194,299.864629578489,603.7714517372017,89.51025844013054,109.81871207671101,2246.418415012923
910.7063519816396,463.91642285675977,300.06221579998896,610.6441361816507,42.179769958455616,90.28212480372389,2170.3912094646003
919.0873239496124,501.6389265120484,299.1098691426502,619.9774548069622,57.12831770182241,109.62125975827078,2268.481360057688
930.0252030676456,529.2563605181057,302.7388482384556,627.28635482919,61.260764733637295,109.72938064781721,2267.844486335624
915.8791767800444,473.5985566092797,300.86657620611976,615.0126005739246,13.49891726302066,91.65276672696417,2196.407129437396
924.6689916913265,445.159129479261,299.435218077842,625.2337736134845,83.26592757545998,74.03187722568599,2146.9765998597736
973.140072241655,421.8903459174487,299.85877628351085,673.2812959581443,11.030840986327098,73.33420730151323,2236.5884580965326
951.4492449556883,467.1007460018385,298.0654694811631,653.3837754745252,60.72800236292373,81.5934100474739,2222.3405855803026
945.802981888472,414.36846702831434,301.0337243922372,644.7692574962348,117.36362937641269,86.25779765418942,2219.066026290104
999.0632151685294,448.7063391755135,300.2178023227874,698.845412845742,95.0680296321821,87.08051107545258,2352.6414729651633
961.5293330277424,436.519733352678,300.45126553824633,661.0780674894961,83.48219203139179,102.84158354753586,2326.7441095306617
1002.2099285718754,443.8022376750853,299.6093414377326,702.6005871341428,53.6444846208568,78.98024001526768,2300.392214437428
972.5351476767253,521.2067629783963,300.3848992327041,672.1502484440211,58.09759056359503,98.13959023567273,2331.1435899508165
970.9048733569584,459.2811540709697,300.2757566230865,670.6291167338719,11.2291514943362,99.37122339642389,2340.1127062949445
943.460418183844,428.22008420303655,301.8903000936984,641.5701180901456,47.425061085925094,77.56752287976941,2182.667509709166
962.8904519270383,474.2523813306036,301.05535938526253,661.8350925417758,125.13044066323842,99.27138702320637,2314.3976826783623
935.1373764797556,452.5303220883597,300.2617354654159,634.8756410143397,115.2010456563427,96.69245719498917,2246.8490658941782
914.3880881474886,438.9971400380533,300.7581883534925,613.6298997939961,105.68658303406029,94.27226879933119,2206.9456491504843
986.7705172648707,501.04710419705685,299.59754320582937,687.1729740590413,94.04791316458143,116.01081469671212,2426.210707096689
907.5202272509064,459.18416127596805,299.42428579762134,608.095941453285,55.43831900648232,91.25984792937307,2169.702226009789
989.9639434151758,417.55310265985554,301.96888759747856,687.9950558176972,81.19988141371742,91.64094163048401,2341.0076371086157
984.9426971388397,460.80227623465146,299.07310499706693,685.8695921417727,29.186263226560424,94.78368199525812,2328.4516605252156
922.0717380056326,478.44212242098,299.392787115573,622.6789508900596,28.662766493393388,93.21049583756333,2196.77351826469
982.9872827109976,457.7599267255069,299.83360732690187,683.1536753840958,127.9581875331601,82.736496808268,2296.257185314576
960.1903412740608,420.86121310997936,299.85828828144975,660.332052992611,98.97839612171703,74.58945881075076,2214.4787617767793
911.0446128482197,464.61976800758595,301.2321486198633,609.8124642283564,18.972246169450454,91.65002669227997,2198.544580610798
928.0722811483588,475.9826396849753,299.9836654727749,628.0886156755839,107.99490458997401,87.03255035582136,2186.9095485774633
996.0476776393032,454.46872995623295,300.7228476531459,695.3248299861573,128.28178515336185,89.8910071329101,2351.381868075888
936.2911932349998,435.3395470242439,300.8762470116009,635.4149462233988,43.44944406675893,79.80149516738581,2194.581281003165
936.6885119479758,468.39214995610234,300.9431443768931,635.7453675710827,139.9202939803411,94.52928097091304,2259.7593174935687
902.5371952414088,470.0528927264247,300.41643036567746,602.1207648757313,7.756629328830872,95.03643818901101,2169.575028869864
961.7532790203684,480.85674868220974,298.7610047883001,662.9922742320682,106.88037428784277,95.53560206316976,2288.5252205781544
991.4511898458851,513.4888428918239,300.75921904063864,690.6919708052465,98.73464806000705,90.06846702155389,2328.8619902932064
950.1411867177957,456.3128195424108,300.6656206111633,649.4755661066324,30.448969024092904,74.14323197362137,2207.524160836511
964.254532639727,450.6757864357523,300.1686513991734,664.0858812405536,3.2420738420482165,95.59995982667303,2301.2172731116784
991.2971693101578,454.6757719186715,300.40705808403453,690.8901112261233,96.67207281185325,106.76571035634379,2397.047847797362
981.5599108729749,436.2097662779031,298.75145527516213,682.8084555978128,9.487748136301422,97.19412523385974,2341.0210360440065
930.5190136778494,439.1385542553497,299.4911391490133,631.0278745288362,112.13760091200439,77.56154595569495,2171.608097398528
926.8005327779946,507.0701144352315,299.1426740983635,627.6578586796311,117.67915415083138,91.16755243898672,2220.548298242124
980.8226896179991,441.32171848556857,301.07541580708516,679.747273810914,106.8588810678454,92.80491733993574,2308.6194793136433
986.3986556102061,509.2819855527483,300.37172708639457,686.0269285238115,145.3558288467332,104.71883967457893,2378.7028778879585
975.9289345758525,455.97076076308446,301.0657347717997,674.8631998040528,2.2985931972962748,76.49440480354778,2244.3935214584453
967.2305361366241,433.3438086090941,299.77268588393895,667.4578502526851,8.644834764994501,80.27898171418137,2256.5603146509416
947.3515609032951,424.382315534564,302.10272593399077,645.2488349693043,15.863368281588965,71.98807513724185,2163.845781386163
932.6181603321561,483.7541968513437,299.9072038160066,632.7109565161495,141.54634168064914,75.22868089508897,2159.5460859488744
950.2442857037954,507.7302311085922,300.09469423003543,650.14959147376,80.72840236944285,113.31213742842367,2337.604147563669
979.359237397021,431.8538668901671,300.1161744612254,679.2430629357957,7.923246364078002,106.18291795052448,2359.008986763144
1001.1899818406829,484.56443069943856,299.6817864947336,701.5081953459493,7.270604690894823,96.45811547107033,2371.1656496697638
970.7984288416346,489.9017375765476,300.28526072789145,670.5131681137432,63.98709927772053,90.91143471557344,2300.7291455345253
935.898102838093,508.4183493741431,302.16996048144716,633.7281423566458,132.70345929012856,86.54610286167313,2215.305094574921
985.4084859859511,394.8531999076352,300.54358050613735,684.8649054798137,115.70414374115434,75.19097832657873,2262.1196134523084
959.2246120371025,466.62782338393765,299.5739330149477,659.6506790221547,6.518693751506058,98.54683483608302,2310.5806020184395
960.8557322026161,475.6900535312113,301.1380791520426,659.7176530505735,80.20345284542472,93.6787055718641,2288.9181242837003
977.9227576559022,424.6534058744681,300.086073285579,677.8366843703232,48.70749531890074,93.10288976597441,2318.4204783196838
973.0348392399195,440.20907547731167,300.88590577393074,672.1489334659888,78.47516757574033,86.79717861677159,2278.9381988787886
992.2821654942637,451.44892563373634,300.7948479806081,691.4873175136556,116.01584138118994,89.10304359284723,2334.2119492446523
994.7881915376433,453.63102548142757,299.05615197780696,695.7320395598364,28.68183325855483,78.69123934773052,2286.1646399844285
965.8699911316986,475.40965959673173,300.32860929933133,665.5413818323673,88.32222820074962,110.46622659516396,2369.643096612767
980.2472695490161,521.5220733343104,298.3650686660689,681.8822008829472,11.123314946334204,101.82941966116563,2365.6990220043513
971.8327265682902,465.93700311889614,302.19756716528207,669.6351594030082,85.7122836187583,77.22296883992416,2254.3706068613283
965.6097401450742,434.2752371354778,300.0546949984788,665.5550451465954,122.96465154574084,91.61769506025732,2279.265959901595
997.5309535199495,454.2307780629119,300.2832969504848,697.2476565694648,13.714490177213595,95.79468019836473,2353.9656386757056
908.108122806563,467.3116846161493,300.5836360265741,607.5244867799888,90.24487602257872,91.6524813254726,2165.0593009988165
948.8962882582344,457.3024758585164,301.1303710786945,647.7659171795399,44.66485711946617,96.02991436920453,2270.7921798321104
992.5465666080751,433.2267749300231,299.3815766792564,693.1649899288186,39.36935285925461,88.9079349453559,2334.9321597828357
999.1556160708401,434.5009937395619,300.90010991997576,698.2555061508643,5.71573290219186,90.3225228775139,2347.943170857747
996.0921334443166,390.6447221272667,298.12037472503465,697.971758719282,35.39137373825851,61.55783374780897,2219.3478128189777
905.3273620258502,492.3940056617693,299.0105384367599,606.3168235890903,6.333578692999742,116.34450693272294,2273.050493190415
1002.3786080271243,457.97779334671264,300.4095763281525,701.9690316989718,9.720609722135746,88.97703814761498,2360.560226093435
983.0679523103602,426.05714683036973,299.35939761580295,683.7085546945573,10.180551397595547,77.19273948575373,2260.377503189036
978.4222143996067,477.28966501288073,299.696687893505,678.7255265061017,112.64419097188421,99.87034406670995,2334.5024022578136
955.80789669817,492.24873214888294,300.1178125954309,655.6900841027391,37.53816807358524,90.72577746405379,2265.5459643133036
938.1516547877305,483.04895919034703,300.2207644207193,637.9308903670112,105.76402352966495,95.16182405139672,2252.023532230759
975.3455072408944,435.0914829020879,300.4530430216303,674.8924642192642,76.32433702870797,73.18854966492721,2242.662681906465
997.785929981778,468.09851130050964,299.3240633902222,698.4618665915559,69.24131756637583,98.05519089337949,2369.8101275002573
997.3234598107992,489.3517708118919,300.1619631658175,697.1614966449818,80.82649516211482,87.76310641569907,2337.4987427309807
995.0617745918386,460.2240874703888,298.7481808730663,696.3135937187723,65.0216346558448,80.17324137684471,2313.035162566158
942.7513596495509,458.3246777956991,299.9866454385315,642.7647142110193,78.2180739656973,73.71968712645852,2166.730862120852
904.6644118877374,510.88810935279065,299.68853428446107,604.9758776032763,33.378803280785675,107.26099865149378,2224.987802891649
961.7665858603807,489.58503340131716,300.12983627423773,661.636749586143,5.663629400128402,96.04442792172473,2289.4529152416426
942.2755813251474,442.36422821031925,299.9969310478675,642.2786502772799,87.53915540937834,89.32491911422842,2240.9732299945963
934.1890657709182,474.6709496927559,300.1514164040927,634.0376493668255,27.89949281160168,108.03208308191552,2286.3899986610663
928.1050599855961,467.6371866588326,300.34335370603173,627.7617062795644,42.04564993606322,93.70613958021802,2213.9726793246277
993.4629128991048,467.32644724925564,300.2636483831706,693.1992645159341,73.36144063038398,99.24031272073455,2371.76747813026
981.977311264743,439.10658549241566,299.830831046812,682.146480217931,0.7617314201578363,75.60108202897872,2262.875917504534
1003.5406502198666,439.9178231692816,299.3427018232144,704.1979483966522,123.4532903277947,78.62894089950723,2306.4570059972266
976.0134037730259,470.7614193043277,299.9923371563186,676.0210666167072,70.21550546264936,61.92471269820301,2197.782663162618
986.0481171602103,436.0446143045008,300.8846421398526,685.1634750203577,39.419419835046355,77.81020660033334,2271.707624736929
982.8469204169955,474.69969265973725,299.35723073273084,683.4896896842647,79.98847493481573,111.3817817106262,2400.9345436537337
964.666345372089,431.6584572369442,301.30317023552357,663.3631751365655,74.79405807073077,78.03260042787966,2229.9300824050674
994.6853213739274,452.81024125978195,301.0263772521034,693.6589441218241,72.37974109447283,80.66326108183847,2307.599572546868
945.7054158482406,410.70965103602947,300.8134177143621,644.8919981338785,23.321188388164465,91.93328098782911,2249.962734599457
983.5136492881893,477.2709132569631,300.6678190933489,682.8458301948403,98.4670702536791,77.48685036275234,2275.999522980066
913.5607801965888,450.95106688284045,299.9559361695493,613.6048440270395,111.57869867284748,101.47836840879629,2223.8445925594137
937.4087856594734,467.97107327446963,300.6939623188225,636.7148233406509,52.96971297220275,93.63382043503773,2234.985253993054
906.7990929377443,483.62151552857875,300.76067721272597,606.0384157250182,118.51376545186979,80.47552785961462,2133.1583076355796
909.0897368318708,462.3238343059337,299.4799809646633,609.6097558672075,129.41280802009774,98.51272457605292,2197.3970839576937
911.4246589705223,449.6953859895734,298.83224635175384,612.5924126187684,123.48723053306166,90.58394648269224,2164.9729010194096
920.920988923769,435.4322403646149,301.9126383705315,619.0083505532375,81.36878560319452,92.92874902282476,2191.0630597000118
925.9140043871055,428.6490997320507,299.670319469742,626.2436849173635,21.34556267994086,82.21006936203393,2162.915954673628
986.1529485022559,495.42317803069625,298.611167781558,687.541780720698,11.987145443150974,104.57334810193535,2374.5784400816083
958.7224780059115,466.06248727719264,300.33725700436526,658.3852210015463,49.03601026126515,88.67868449066178,2253.9115182796004
920.7667927647808,489.5175724454482,299.85103159167596,620.9157611731048,82.06416919267723,90.46265373081688,2197.9498708534825
989.4301610255045,472.41233791611165,300.3082798574613,689.1218811680433,74.84894003310188,94.289482431416,2343.090263869298
932.4202716119737,479.35986727670337,299.17382221396247,633.2464493980112,117.59302227791505,74.04345781570865,2163.1831975047803
928.2714175238843,507.2300128531215,300.6948128082031,627.5766047156812,32.978963047297846,108.82364519797356,2292.9356076009776
976.9555852618063,449.40386242534237,299.7844593361986,677.1711259256076,26.66165428095921,94.31359350015497,2314.3701155220083
939.1470432751614,474.5772840461192,301.12492284416794,638.0221204309935,13.813695412296513,88.8630674109772,2218.8533137809372
938.9523277060125,460.73598060890185,299.95900370553335,638.9933240004791,75.06108578488653,87.42023423429703,2221.783324726772
952.6150062021165,468.5825512729883,298.28236685960417,654.3326393425124,40.236444365735856,86.18009013496054,2236.0539503490436
950.5868781117814,515.9574404872766,300.29125405418347,650.2956240575979,106.34741483638452,90.98931633425863,2254.754567937059
929.3268188746882,412.3561078512887,300.87762975493825,628.4491891197499,32.74456497261675,96.46041361039539,2251.8252331441836
921.9182366123516,462.634939058652,300.95279101880334,620.9654455935483,28.654871083300282,89.28405972179716,2192.178324936161
930.8408484686064,450.28574251994354,298.80197794485196,632.0388705237544,133.17054780387025,89.11816133334679,2194.025202043323
976.3919987016741,453.9707280935275,300.6659405872747,675.7260581143994,65.92566938394619,82.37657678231449,2262.483406476026
926.6821123821016,447.3813959600688,299.58576318938407,627.0963491927175,22.173771653388414,74.26400775646763,2143.437128420029
948.5092338293285,519.8332338182937,299.5804066921105,648.928827137218,7.5416903220909255,108.15866397083045,2322.6300030012903
934.9191680302357,505.4555885269354,301.20649437452386,633.7126736557118,15.474194725136295,97.53673078029124,2251.142692275485
982.1281623357413,488.5398072900607,299.9619593369735,682.1662029987679,96.70147291298875,99.3889610336848,2344.0325623106182
981.5961300617311,457.7515499052653,299.76725483192394,681.8288752298072,76.39076599926325,73.25574586889817,2249.029197445989
914.3145430516205,494.21087587885296,299.95377495873015,614.3607680928903,7.315709051337311,89.48927602101908,2185.0055182854394
931.2174866883241,471.0121167415826,299.9317106441692,631.285776044155,136.937407202703,97.37067107641319,2249.4191098620236
996.8458695173974,469.2396695327992,301.3350932710286,695.5107762463688,136.28540298434177,96.7940591303126,2365.8233162199945
975.5718845647805,453.34959924014134,298.5154415083074,677.0564430564731,57.241278933933515,74.05766669267987,2249.4525501720836
966.2911900570252,480.37347289645567,302.0924413476585,664.1987487093668,52.06918797280667,76.21125902384176,2239.210053458999
951.2044772594721,521.4648580097384,300.9781072681684,650.2263699913037,88.64763950563912,86.92171961180419,2225.148545844268
941.8263798373844,444.4775547023252,300.17509168121336,641.651288156171,120.70183698600863,96.75858692439672,2266.790804588884
940.8953877706415,457.63572035442394,299.24030259469134,641.6550851759501,97.83159362203689,90.61234669764723,2229.4982010393855
954.5677804397994,475.51650194328863,299.26731751696366,655.3004629228358,53.63573085902252,93.03640700383103,2256.9266634041537
907.5836283624812,453.2012035080303,300.75794101286374,606.8256873496175,118.64843570141795,76.7627079896394,2110.7513592164505
962.4005785222649,484.518854081853,300.4193722028543,661.9812063194106,125.46110829610804,101.48949648225583,2326.348648747781
950.3462947993152,447.7227193429633,299.6972545471821,650.6490402521331,123.64723394133038,74.66432165860863,2176.783043423254
919.7927166807142,507.4150682097435,299.51707974127254,620.2756369394417,144.30674464197622,100.02344056185689,2231.804323824672
975.7022552636191,490.8205706100679,302.10777397438903,673.5944812892301,68.68102563392313,100.22869177402136,2335.658662994436
922.7658063395182,478.18457442062913,300.02405821674176,622.7417481227765,112.98438614922189,94.54114978757457,2207.056055883748
948.0292488094105,426.4818135115883,298.1883736954361,649.8408751139744,31.139680971934194,101.44250293734595,2294.317013582262
920.9832517892015,439.780850666551,300.185418162094,620.7978336271076,30.55536536955525,86.2301803631592,2177.1216826118007
979.137958245456,452.33490673964803,300.3670225490199,678.7709356964361,30.420575354065207,100.79260966196237,2332.8141948009697
918.9746994353733,482.52960764048305,300.26883988514123,618.705859550232,17.348492161749824,90.69741930440668,2169.8959859708552
924.8576231879031,486.0284212416269,300.1624666847994,624.6951565031036,123.456642671433,94.30605064550869,2214.2791690920963
925.8300437678878,435.18608239412305,299.0691989085064,626.7608448593815,109.30737865164849,80.10535586334402,2160.676656100736
997.6018373093818,476.6724828121061,300.6961698209141,696.9056674884678,94.0890161251132,89.28057090712078,2333.5025233437436
900.3190898643644,470.20952223280875,300.7068515952395,599.6122382691249,114.23319092616866,65.3301706515237,2042.602810680138
930.1212081391346,407.97309739707106,299.07033626605573,631.0508718730789,17.13284905894581,92.63730760687918,2208.1695376942266
977.4774518798299,505.81884850642876,300.5374934379532,676.9399584418768,123.30005633899326,85.95910143784253,2279.3010786652712
978.3097133904319,486.97259989684267,298.565968575382,679.7437448150499,77.19178246506047,97.51729008321686,2333.820593803105
985.1834999716694,482.6894655881725,299.3619309201098,685.8215690515597,81.31069841372118,97.29946090815676,2341.555881308333
988.1968898974735,419.2598721259359,300.2242196801295,687.972670217344,13.129557116417775,64.34820841851095,2211.618388860742
938.0425033246828,438.73712464257795,298.95867004055737,639.0838332841254,18.985973658317775,75.74175565132816,2159.1223784934778
914.4662603271379,460.6187897148218,300.37374305496127,614.0925172721766,6.516803006355986,103.3039230264845,2228.0041734518836
917.3105476614192,513.280926295241,300.44952168818827,616.8610259732309,64.98436164724956,118.64736515842391,2279.1553266201445
970.7306916749832,426.1685619581223,298.9550187523449,671.7756729226383,14.994886409335132,85.60646679518024,2283.01112891455
983.4379999787609,438.7696434456205,301.23835970893543,682.1996402698255,37.9959321297505,92.8452694535117,2333.3814191376787
985.4620465585956,471.9777499145025,298.4655767554889,686.9964698031067,45.1997693918487,81.25502177516209,2296.3723074608547
954.813809491068,512.4595702352549,298.4582597200748,656.3555497709932,111.83206091310696,95.59304606968023,2276.961657575598
1006.3643599638141,492.2266086022009,300.9842626745645,705.3800972892495,49.810184123931364,86.94635011571901,2349.854449950597
944.7931016009048,444.09946600194127,301.26587322507146,643.5272283758334,41.49186319940614,82.1837646531583,2206.412248348752
948.6910995281944,509.77924629163743,300.923465953749,647.7676335744454,11.934348628606777,94.69852749441745,2258.816001371027
959.9029819206542,483.0380574675212,299.0712188597,660.8317630609541,124.34534418481488,103.96328355486659,2316.9903519967106
947.826273749934,434.8499961919788,301.1383033330476,646.6879704168864,72.7353218285079,74.3763348961399,2177.075166180342
915.1250591039366,499.00117845913474,300.23201202507016,614.8930470788664,20.09710838955262,98.74311969679763,2207.8979661812
906.213608147652,452.42136640025734,300.5491840865458,605.6644240611063,40.974154284598,112.98593366221249,2240.5896518272984
952.0734422726179,424.0919813534245,298.3039887725814,653.7694535000364,100.9851062302753,86.51507273906682,2230.1754555022067
909.9567382276639,514.7746877674555,300.68525268848646,609.2714855391774,80.55000362017917,104.81258653342802,2222.62045612006
937.1338599504356,478.3602533392004,298.52930701904336,638.6045529313923,119.52583189461548,88.15232677996258,2221.3506004891137
932.481016777019,476.16462652442954,301.31105445783317,631.1699623191859,58.874688734317694,89.93873298447514,2221.024100826254
990.6155986649902,463.65547494223154,298.8441045277198,691.7714941372703,90.52647787984178,98.01109294789768,2364.052798182788
991.3382934622975,472.66171039537204,299.8371118351688,691.5011816271287,108.38443275165893,87.70032039366535,2323.4104550618795
965.0465693755531,519.2486182904931,299.69122615279866,665.3553432227544,7.327934493279664,103.96933384202319,2334.2067031921165
922.4988337818418,495.56712968001636,299.50314747542444,622.9956863064174,130.00255602217578,96.56823824165888,2222.5462824154906
912.3152189145035,503.0623661382702,300.4268033649349,611.8884155495685,16.747348501486123,100.21576999964819,2210.4486470136094
901.9899204811494,475.0883273739657,299.37476334994585,602.6151571312035,127.21043638976656,84.10651802356551,2129.036028150728
957.1479197082728,424.32111468318953,299.6789204958782,657.4689992123946,77.61169134505359,75.52093871305844,2214.00457012334
935.4355206192224,434.82634944515996,299.3278256876265,636.1076949315959,47.53169811640124,99.83304748783084,2260.8923902880783
908.3947493945943,499.322380421736,300.13801290986606,608.2567364847282,95.91163655548586,90.70486957594179,2185.5755564019582
993.3781483250106,492.23095591849756,299.7588651310952,693.6192831939154,104.66804478706703,108.99798271332548,2404.4220955000806
986.43833345566,479.37065431766365,299.5140400174424,686.9242934382175,24.018799994248702,92.7523102646256,2324.90213772898
949.7097419871652,519.0759179581042,302.524289807964,647.1854521792012,149.85460924234738,102.26819011632762,2288.01812418688
911.7584943349876,503.8276702812823,299.6694886589256,612.089005676062,82.27300866066903,104.59404391879839,2228.9912854709614
918.0728846691778,462.1640114562846,298.1567121468808,619.9161725222971,108.1637727132523,86.99817469512014,2176.7762217915556
985.181628108943,471.3289053323704,299.01162067719633,686.1700074317466,40.36841267403118,87.18956283184696,2308.166460714715
984.5844052310988,470.3543607086001,300.3447879866961,684.2396172444028,112.28671525228106,93.35071722596588,2344.640741242649
968.8095813398305,460.2673007203231,300.50338778950623,668.3061935503242,93.55375692709617,74.62878086446784,2220.4194438994314
945.7672382956057,493.02147208727894,299.2584157037066,646.5088225918992,16.160109018328207,93.15367020368075,2250.3407710026468
921.0336444883391,472.50332922312117,300.7729784534615,620.2606660348775,20.327586512382418,99.31519515069313,2248.1263672975842
987.6584772646876,413.47210612573866,299.1284855153513,688.5299917493362,50.725149137714766,83.72596122445614,2303.6197920872146
968.1868910444379,464.29845844478757,301.73114548064706,666.4557455637907,12.436841810449954,77.64527934811677,2248.5843454482365
989.6688374449213,419.40919255874576,300.37509759000267,689.2937398549186,60.769002427175266,79.73326557571706,2293.9379529574153
990.4469282591268,507.8569596657906,300.40825590570273,690.0386723534241,126.71228909768445,104.49390370882541,2384.6877469143833
956.3257584360385,465.15115451679964,301.0265296685509,655.2992287674876,123.7294766777931,83.50798003351767,2245.564944531206
907.2335475215756,469.52764974345723,295.79310623909396,611.4404412824816,49.61082088803426,87.17388969190453,2172.013872300901
949.8884946304266,409.1557937989528,300.14503921354617,649.7434554168805,29.253823798823777,77.54407766734488,2206.3943569512253
971.894219918223,430.8502670510462,301.6320674389727,670.2621524792503,65.5530860614616,74.94492869034951,2245.055808312468
941.6853115752019,530.487694328765,299.9121421097582,641.7731694654437,61.938823574958334,115.78151931155757,2343.1815082152784
917.511109562026,438.1378851537594,298.0231090883122,619.4880004737138,49.830056414497626,73.18805212613738,2118.9006234988933
1001.2392577491344,452.8386487664236,300.3539828934831,700.8852748556512,38.38915049268905,93.65054468172445,2364.847386857501
938.582850022398,443.3495797957196,298.2354223714244,640.3474276509736,80.15872457575368,94.92277006256104,2239.876046122571
911.9810260783554,434.887818353947,299.4643731668522,612.5166529115031,7.600863045757492,103.270578993119,2225.6095873116706
961.3943820861075,457.1986794499517,297.6318564891004,663.7625255970071,89.6504147899893,91.19942446909289,2287.584669049522
941.0719894279479,457.12683149614,299.68258399846775,641.3894054294801,58.697441792468,96.81778837599558,2244.728168237701
935.0512207811632,480.11341594533764,300.98048208944726,634.070738691716,10.965613021778951,91.97208470445854,2208.650975303619
961.0512740369935,465.9539281496399,300.3826180547342,660.6686559822592,51.53765620105017,79.57843714500748,2233.541136991749
948.0684972765227,442.92736547231806,300.23224730312285,647.8362499733998,1.0663282361102984,74.70658892654754,2176.9108259798236
968.2638607513404,476.3578044306966,300.0858259511175,668.1780348002229,96.21044096971214,85.24507991236177,2265.304935519542
937.098441597049,464.40842131009896,301.0372510021874,636.0611905948616,54.13254830977679,102.02046927334483,2275.378315788349
972.1285196361418,486.13466627405734,297.797410401584,674.3311092345579,90.90756711192999,118.55049491610882,2409.591790303134
973.3636152611963,428.42762512584886,298.55893332410307,674.8046819370932,84.59343394938026,81.15375095293969,2251.296343127062
982.547121530479,481.38979613878297,300.1998853057875,682.3472362246914,114.67627172926323,78.16763701367283,2268.1348502817905
989.1705385624997,439.3538026317126,299.1373706895055,690.0331678729942,56.114430886225364,93.74396234985589,2346.802403902589
988.3287134986782,462.17149979045496,297.89177995837457,690.4369335403037,18.79854961696174,90.59710076574555,2325.736397686117
977.192293543032,436.4033993530389,299.3532943704634,677.8389991725685,54.26721354270721,82.40560123793422,2271.989951752225
988.5116205131836,430.5104136938738,299.9605646031636,688.5510559100201,117.66053045821512,73.26693769547578,2269.9729780957664
916.563285088416,466.66214150057135,298.0109405498362,618.5523445385797,12.8087156444564,62.7296899646716,2064.954005721485
961.5921512146142,430.1282138061822,299.9094927560436,661.6826584585706,71.41358146932828,84.92503656480844,2250.4174344445405
990.8090201416911,446.000192028128,299.3806033072182,691.428416834473,83.52677086532336,96.03994371274601,2351.4612985674844
989.9001687255186,529.9379567740069,301.565362947627,688.3348057778916,49.61155894050736,110.08641289574173,2405.583593571767
923.8434524897915,437.6433462524901,297.4482697251824,626.3951827646091,104.58710069662189,87.35625791470615,2180.4486596417887
903.1032558209629,435.29688948117933,299.76001730684317,603.3432385141198,125.80316252238437,77.2410313348551,2098.966756563425
960.5415381316003,493.0886924290417,298.9938647782061,661.5476733533942,100.38700360721006,105.42860304382569,2330.5534138398702
979.4440437372936,476.23876833439397,301.05100829756515,678.3930354397285,53.3343376367651,107.96981335302951,2381.7052355754254
907.6791446195856,486.42025129759384,299.02788458428415,608.6512600353014,134.5273063374779,83.38045520172669,2126.3139628153613
945.1868055589065,403.1151164508859,301.32834635365657,643.8584592052499,46.972145457653994,74.3028224406376,2191.6250661554272
923.3866889116035,433.0953822809445,300.0773543399934,623.3093345716102,25.82197606252435,83.66257569776458,2161.977223367845
946.6672760991137,471.79040916877887,299.2649548373852,647.4023212617285,36.15701660093287,83.81167098215842,2213.37832615362
938.1681540670936,503.14380379372426,299.20928625210877,638.9588678149848,102.50252121925995,98.9036410470051,2277.2267279396256
936.8293983805307,421.6045753920282,299.706418968488,637.1229794120427,5.7639826110745345,82.99108277175519,2191.390873322056
965.6213674493539,479.068003417804,300.25746173047,665.3639057188839,58.11161231913122,107.00327158049146,2347.492645713344
974.536070258747,455.47791076555416,301.2041970297183,673.3318732290288,24.380092969676646,101.28300043026952,2341.3475546879704
956.9874973810864,526.5322569019739,301.0288469342595,655.9586504468269,2.548721356963387,92.92639463417686,2281.201050472599
965.8671203460493,520.8691097809821,301.3876330691081,664.4794872769412,150.74709640860357,112.63899730452005,2368.94681191359
953.4978423009626,453.87896833727496,299.89200096584904,653.6058413351136,88.15574696404853,91.33309036917635,2257.7280251692077
983.784230998305,451.04838960249407,300.10181027385187,683.6824207244531,47.82751712998345,89.03093750704515,2316.2275181241116
935.4876946634411,469.1393052621523,301.38182678722427,634.1058678762167,35.64261480206531,84.41394625407371,2200.476642735522
937.7966449300922,494.742813592543,302.255643339078,635.5410015910142,115.46603732896648,94.8526618740892,2238.8161487711063
934.2199807999688,518.5021511370724,299.2412805699658,634.9787002300029,37.77250524369029,96.39216456880024,2242.207315769402
962.6013133007195,502.553798860065,300.25104438684014,662.3502689138794,5.1286303652025955,93.47358190340115,2283.7183086357745
953.980556532795,431.8594105814779,299.1837888980746,654.7967676347205,62.00193474743012,104.97861161672985,2316.744434936246
922.90304922399,512.0500047376519,302.39017718326687,620.5128720407231,61.63350969195312,82.2929981159737,2157.3821639677053
975.1773511518779,435.97315630589037,299.8595295995161,675.3178215523618,87.81093358677838,84.79484515120609,2274.681285512243
1002.4154075395822,469.1420788526295,299.2591377504057,703.1562697891766,73.35432802802812,84.6560660357523,2342.326561302195
951.7980985306976,408.71166479401165,298.1642206970907,653.6338778336069,103.44744063020394,82.10885283408675,2218.1793703325766
924.1574399201284,470.13271811229845,299.1899390700893,624.9675008500391,117.96228074720354,81.741280364976,2166.488694029368
947.0769595392101,494.7214354118784,298.7431653411953,648.3337941980147,132.58979514526152,68.69934854113451,2159.7471397443633
997.8417864008982,481.38579584450315,300.8043009580016,697.0374854428966,39.48918016903733,111.36035327448582,2420.7113116363607
913.5918103727685,457.2614199348815,299.7192922910911,613.8725180816773,72.89647040924828,90.5777304018012,2186.225508038981
967.7573848779482,443.1773960891016,299.93967479120784,667.8177100867404,107.86359582311887,75.98152561312548,2224.7312612544415
984.5017116648677,454.01834049629394,299.18949992628234,685.3122117385853,62.102545290085395,102.74401016996588,2376.171449751139
952.1596067776828,486.8205800233431,300.49662017368036,651.6629866040025,17.867361997964615,93.56885009599608,2279.2004573031995
948.984215383169,449.8869670846769,297.92149313388177,651.0627222492873,107.62084895669895,80.4693169563866,2200.61460546003
941.8771644561842,464.0304953628574,300.21667982211864,641.6604846340656,72.12459794601611,100.99445220847507,2253.71440432771
907.920125028835,442.1159705876419,300.13705572127736,607.7830693075575,95.71888258395579,98.2324506830371,2202.0501832276104
970.526341398084,464.88519081764497,300.6935855301596,669.8327558679243,49.86292341996409,91.18333908757027,2288.7050627510284
926.3444050787549,434.7618349520624,300.0099826257772,626.3344224529777,108.65191229242214,74.06013052316862,2135.975445042978
984.7780184030886,449.335006646487,297.86873027321616,686.9092881298725,59.69133874131474,110.1291863773324,2419.0403172693896
937.6779546620637,438.70326376915875,299.961937539946,637.7160171221177,22.854289521705375,72.29342733998146,2156.645325749088
990.6873291490683,506.8850670887284,300.0920681830789,690.5952609659894,67.35519270412077,103.35798533568499,2376.8459041408687
968.2897928811987,470.2040379789449,300.1074740063194,668.1823188748792,72.92234071833431,97.26300749497132,2328.8424168463976
943.4860799906662,468.01438608028985,300.4217677904193,643.0643122002468,137.77430404188547,73.04773268506234,2163.126305232433
948.2918891284635,493.59721267929547,299.9730828989875,648.318806229476,121.80086902009602,108.06743214873012,2318.7187008868314
940.3180305480615,385.08656597972197,300.32559444295885,639.9924361051027,11.660890619714095,84.3774814335853,2209.6192099986415
944.4022980950787,419.763825540161,300.24744601197807,644.1548520831006,44.932169287421154,90.21216917339711,2251.710248019124
972.3747942368465,437.9432390460104,300.4574805579742,671.9173136788722,88.77512202484371,90.26587167730644,2290.7810170198027
1000.4731429522615,422.54231469512115,301.2305217633088,699.2426211889526,70.23093197860128,74.80892682166184,2294.267961166555
916.3857809278734,455.2549050248681,300.35710839815795,616.0286725297154,75.40601345192212,95.27197445427163,2204.684209488475
998.4435864768641,502.0654557381367,299.06123578671657,699.3823506901475,118.02643061404326,108.28693685405327,2423.73685739964
989.22941881123,434.71245678500225,300.9712684315812,688.2581503796487,35.51679970961329,93.58205825347311,2331.6143509553262
916.6909095208069,442.13714422025106,299.9439312743879,616.7469782464191,48.18887201606187,85.95496625816918,2171.126878496665
926.7480641944494,433.8675998994527,300.4047321628728,626.3433320315767,129.997722752207,92.29091799367684,2219.4714914081314
991.9184806115767,441.06286968438627,299.4689557226992,692.4495248888775,79.55025464436856,83.59038203775029,2306.2985112979154
995.1238795703867,478.1988357433258,298.61482821433714,696.5090513560497,20.335202929287764,86.56244515645703,2337.0796339971625
953.3889769729864,402.54388191662207,300.25666122437474,653.1323157486116,26.786809926708262,80.64221807629383,2215.068375625582
991.2607790717137,509.9789521275305,298.8649889990127,692.395790072701,117.2456018854529,106.40493425367984,2398.4911599964475
938.6630654488924,469.34552712097724,300.8127122923617,637.8503531565307,39.700297728308804,82.75795192549909,2196.9264495601465
927.3474908759642,494.60432505738385,300.08336034293274,627.2641305330314,88.91932191580564,112.09446856379144,2281.8232903098146
971.7389181683902,454.58749640459354,301.1415980434194,670.5973201249708,2.673654861242379,98.72608457509894,2326.25931998456
953.953197695837,476.6066699388756,298.64474292428173,655.3084547715553,72.39494607317656,93.50660425519375,2274.5177337714176
971.5480781544767,489.351286532034,299.80400032022106,671.7440778342557,61.023118707500394,90.34348247841214,2298.394571839233
929.6049975723071,401.5103886653446,300.72118380207843,628.8838137702287,33.974466135387225,84.88132065736372,2194.5062093745064
946.3269101953283,487.01187500141924,300.6435178539678,645.6833923413606,47.117847012856195,86.06208252910427,2228.8176206335547
945.1440593424103,434.7242919826727,299.9146739324153,645.229385409995,12.44264447982125,80.65755040232919,2191.2968588294934
1004.0113651637007,536.9265632367334,300.6064358544961,703.4049293092046,87.12570915406894,124.79774805859448,2492.415282483481
931.4067152143492,424.7483295923564,299.1946582674703,632.2120569468789,85.24949655158923,92.61256663498523,2211.0472693102874
982.9943745297755,485.4347432381149,299.80062228310635,683.1937522466692,103.84741041918335,90.29187097939064,2325.4955173350777
917.2860128736279,498.4258748704345,299.86331730560175,617.4226955680261,48.656109229297606,85.93582209395437,2165.979752892632
932.9199876148687,458.69388217064613,299.3292827009655,633.5907049139032,103.16477679512528,69.29304070181546,2118.6919327046708
963.7430109218901,496.5277928002333,298.63318820589734,665.1098227159928,114.21977580044143,91.92212536831343,2292.621396091048
935.6557867220132,474.5212353973271,299.8496949680358,635.8060917539774,124.05693480079357,89.42006688019165,2219.859950069238
909.8253527419583,449.881726775671,299.8695582014404,609.9557945405179,6.225875760341246,88.86213239222614,2163.406128105174
964.5396956336523,483.04080009029616,299.6425228508409,664.8971727828114,80.72406740241101,93.1723840330058,2286.5125170256806
993.055444888616,451.16776319137017,300.58678415672773,692.4686607318882,61.46029856076594,85.70050706938474,2310.2562495694947
968.3377167708635,492.9547746504245,299.9921541975685,668.345562573295,55.70572247098163,102.32466479162711,2332.810874165139
971.514074311676,413.24029174956166,300.3891633136364,671.1249109980397,111.85583515673974,77.91062226540674,2248.58926805781
912.6953041477615,428.56454632569915,299.0759370929286,613.6193670548329,116.08926736677422,92.41383885358889,2186.343247266421
930.5553495531755,489.86030880815326,299.89807254835256,630.6572770048228,72.23411796767378,96.103123775512,2220.325023368635
924.2117907062649,427.5853113022433,298.7148093100035,625.4969813962614,34.472290745228726,80.10638247559372,2158.288801188246
944.4789589652835,443.29980727111985,300.5786645286464,643.9002944366371,62.67922631018958,94.51320152054204,2256.0388211978334
961.786407433054,470.50263959152875,300.2649367325537,661.5214707005003,137.75030948148262,91.0064517360164,2302.2833339583585
921.1086586888754,449.43328557015684,299.6220667169869,621.4865919718884,1.8460074668375923,93.68735871877645,2217.626411114581
912.5542049490132,436.1552126716167,300.44637741398236,612.1078275350308,125.23373511096625,74.54795826878362,2113.3590092626005
971.2347917481666,515.2491240991128,300.78732539810443,670.4474663500621,52.35716516984673,107.17929074543504,2364.592877446639
993.1869409929635,533.9634785269513,299.33618763342804,693.8507533595355,73.16629127011606,107.80658790328002,2396.5544747038252
992.8651803740902,482.38154522676234,300.7200234399789,692.1451569341114,13.542461557755852,90.24876081958615,2350.9069289248714
931.8838993231584,410.5577460343803,299.0611957857846,632.8227035373739,31.30193833082379,71.09526467694224,2131.864437887282
934.502638403997,479.72789606829076,298.69736381953703,635.80527458446,90.60080580608077,86.44893210598327,2202.2509540264073
941.5409212194405,423.3825139711818,299.2908112381499,642.2501099812906,107.37076503663761,79.67486771918988,2200.0688108792538
912.943207556705,504.85310464361885,298.8876782378995,614.0555293188056,73.63228014877699,107.07871835981778,2238.1316696874087
969.8272967285324,511.7171920420911,300.0388541481494,669.7884425803829,86.32838359646642,116.87048384203175,2401.185576259333
992.0881165208908,460.48563646224613,297.9347342472156,694.1533822736752,137.8343478968797,98.17088553243312,2356.0660886148753
985.8766639161169,470.72587575199964,299.6737807144614,686.2028832016555,87.91255231158004,92.38218330592075,2332.2049724259355
917.8221962620585,422.3082216757211,300.77696221407257,617.0452340479859,124.35486267857944,73.3789803951876,2118.7235900739574
929.7490938358077,452.17130001839735,299.25629870514075,630.492795130667,58.21603776268345,80.35769775151797,2167.904061532543
968.3118467753072,444.5419562295657,299.87805181638845,668.4337949589187,109.82674605914328,89.42437983279066,2278.409602010782
964.7374032240823,480.99799465980976,302.321488759038,662.4159144650444,84.78921044780056,98.53556821388892,2318.3156745812007
914.9941313192252,430.4845117884563,298.4071038250461,616.5870274941791,33.12498875018268,95.54079707966159,2196.2130924550065
976.2663572781573,467.45497940972535,299.470711753202,676.7956455249553,106.09605465121074,84.55736085563815,2290.8603545769192
910.4087058476014,451.23284606037623,303.0638073797234,607.344898467878,65.13635096724626,93.39172010484398,2188.5889746048033
938.6589392556115,460.3748106518302,300.52541788026707,638.1335213753443,51.834682551659704,81.39556744849278,2195.9795709773884
949.9478345704525,447.1489823320601,300.02503313645457,649.922801433998,119.79145077582245,84.44293324401515,2232.821665564207
923.340955585942,482.074397344719,299.7989834694708,623.5419721164712,6.915497490950091,78.44779903898669,2166.516040236113
943.9600507729925,475.72956471085996,299.72855491308707,644.2314958599054,46.02046215712224,93.46302218111607,2237.690508827181
943.7627172943016,467.1171564069013,299.9341554319954,643.8285618623063,121.73072410763504,85.32366498265614,2227.748427774714
939.8353060283434,499.15574228492426,299.997957598282,639.8373484300614,44.7784282141162,88.62712479201481,2237.4567136549877
965.0568177752004,480.03163518286283,302.11084271193215,662.9459750632683,22.457327283181368,104.58138190337803,2340.5763323082856
934.9965250806496,452.02110495442537,300.6272479202226,634.3692771604269,10.704470499595192,76.93551343787055,2157.762770404412
940.2076858949916,493.58253417589384,298.75388757922167,641.45379831577,113.36123267310158,98.33122526500725,2257.039311247007
961.1986641256024,449.12571404388626,300.84125113946294,660.3574129861395,64.56321022741474,102.03386910475864,2320.362595648135
972.7021331487728,511.73508216954446,301.7804328504733,670.9217002982995,94.63239810078557,108.9938111336741,2361.506132309082
946.5512703451707,506.97318814605444,299.05894235351525,647.4923279916554,13.428890238645632,101.68487486560727,2286.0044600961664
935.164163092596,525.2585229328732,298.316350892884,636.847812199712,50.65879951037319,108.25522359048708,2277.1844673244514
963.9769354080563,455.4116683382131,300.3782455085899,663.5986898994664,52.165483528209634,86.98192607638732,2270.2709155868683
963.2322589697686,561.8082023846617,300.64706635608087,662.5851926136877,37.91242081086202,102.7003594899823,2330.1629696463438
932.7806709755497,484.47631226856845,299.4471084827931,633.3335624927565,128.9799272034785,84.79345375565117,2177.7060541759147
981.835377025966,499.2488028668998,299.9256110218539,681.909766004112,80.70973555789635,91.43961561080141,2310.6700366623177
